"Park_Name","Country_State","Year","Attendance","Type","Region"
"Magic Kingdom (Walt Disney World)"," USA","2019",209600000,"Amusement/Theme Park","Worldwide"
"Magic Kingdom (Walt Disney World)"," USA","2020",69400000,"Amusement/Theme Park","Worldwide"
"Magic Kingdom (Walt Disney World)"," USA","2021",126900000,"Amusement/Theme Park","Worldwide"
"Magic Kingdom (Walt Disney World)"," USA","2022",171300000,"Amusement/Theme Park","Worldwide"
"Disneyland Anaheim"," USA","2019",186600000,"Amusement/Theme Park","Worldwide"
"Disneyland Anaheim"," USA","2020",36700000,"Amusement/Theme Park","Worldwide"
"Disneyland Anaheim"," USA","2021",85700000,"Amusement/Theme Park","Worldwide"
"Disneyland Anaheim"," USA","2022",168800000,"Amusement/Theme Park","Worldwide"
"Universal Studios"," Japan","2019",1.45e+08,"Amusement/Theme Park","Worldwide"
"Universal Studios"," Japan","2020",4.9e+07,"Amusement/Theme Park","Worldwide"
"Universal Studios"," Japan","2021",5.5e+07,"Amusement/Theme Park","Worldwide"
"Universal Studios"," Japan","2022",123500000,"Amusement/Theme Park","Worldwide"
"Tokyo Disneyland"," Japan","2019",179100000,"Amusement/Theme Park","Worldwide"
"Tokyo Disneyland"," Japan","2020",41600000,"Amusement/Theme Park","Worldwide"
"Tokyo Disneyland"," Japan","2021",6.3e+07,"Amusement/Theme Park","Worldwide"
"Tokyo Disneyland"," Japan","2022",1.2e+08,"Amusement/Theme Park","Worldwide"
"Islands of Adventure"," USA","2019",103800000,"Amusement/Theme Park","Worldwide"
"Islands of Adventure"," USA","2020",36400000,"Amusement/Theme Park","Worldwide"
"Islands of Adventure"," USA","2021",90800000,"Amusement/Theme Park","Worldwide"
"Islands of Adventure"," USA","2022",110300000,"Amusement/Theme Park","Worldwide"
"Disney's Hollywood Studios"," USA","2019",114800000,"Amusement/Theme Park","Worldwide"
"Disney's Hollywood Studios"," USA","2020",36800000,"Amusement/Theme Park","Worldwide"
"Disney's Hollywood Studios"," USA","2021",85900000,"Amusement/Theme Park","Worldwide"
"Disney's Hollywood Studios"," USA","2022",1.09e+08,"Amusement/Theme Park","Worldwide"
"Universal Studios Orlando"," USA","2019",109200000,"Amusement/Theme Park","Worldwide"
"Universal Studios Orlando"," USA","2020",39100000,"Amusement/Theme Park","Worldwide"
"Universal Studios Orlando"," USA","2021",89900000,"Amusement/Theme Park","Worldwide"
"Universal Studios Orlando"," USA","2022",107500000,"Amusement/Theme Park","Worldwide"
"Tokyo DisneySea"," Japan","2019",146500000,"Amusement/Theme Park","Worldwide"
"Tokyo DisneySea"," Japan","2020",3.4e+07,"Amusement/Theme Park","Worldwide"
"Tokyo DisneySea"," Japan","2021",5.8e+07,"Amusement/Theme Park","Worldwide"
"Tokyo DisneySea"," Japan","2022",1.01e+08,"Amusement/Theme Park","Worldwide"
"Epcot (Walt Disney World)"," USA","2019",124400000,"Amusement/Theme Park","Worldwide"
"Epcot (Walt Disney World)"," USA","2020",40400000,"Amusement/Theme Park","Worldwide"
"Epcot (Walt Disney World)"," USA","2021",77500000,"Amusement/Theme Park","Worldwide"
"Epcot (Walt Disney World)"," USA","2022",1e+08,"Amusement/Theme Park","Worldwide"
"Disneyland Park"," France","2019",97400000,"Amusement/Theme Park","Worldwide"
"Disneyland Park"," France","2020",26200000,"Amusement/Theme Park","Worldwide"
"Disneyland Park"," France","2021",3.5e+07,"Amusement/Theme Park","Worldwide"
"Disneyland Park"," France","2022",99300000,"Amusement/Theme Park","Worldwide"
"Disney's Animal Kingdom"," USA","2019",138900000,"Amusement/Theme Park","Worldwide"
"Disney's Animal Kingdom"," USA","2020",41700000,"Amusement/Theme Park","Worldwide"
"Disney's Animal Kingdom"," USA","2021",71900000,"Amusement/Theme Park","Worldwide"
"Disney's Animal Kingdom"," USA","2022",90200000,"Amusement/Theme Park","Worldwide"
"Disney's California Adventure"," USA","2019",98600000,"Amusement/Theme Park","Worldwide"
"Disney's California Adventure"," USA","2020",19200000,"Amusement/Theme Park","Worldwide"
"Disney's California Adventure"," USA","2021",49800000,"Amusement/Theme Park","Worldwide"
"Disney's California Adventure"," USA","2022",9e+07,"Amusement/Theme Park","Worldwide"
"Universal Studios Hollywood"," USA","2019",91500000,"Amusement/Theme Park","Worldwide"
"Universal Studios Hollywood"," USA","2020",1.7e+07,"Amusement/Theme Park","Worldwide"
"Universal Studios Hollywood"," USA","2021",5.5e+07,"Amusement/Theme Park","Worldwide"
"Universal Studios Hollywood"," USA","2022",8.4e+07,"Amusement/Theme Park","Worldwide"
"Europa-Park"," Germany","2019",57500000,"Amusement/Theme Park","Worldwide"
"Europa-Park"," Germany","2020",2.5e+07,"Amusement/Theme Park","Worldwide"
"Europa-Park"," Germany","2021",3e+07,"Amusement/Theme Park","Worldwide"
"Europa-Park"," Germany","2022",6e+07,"Amusement/Theme Park","Worldwide"
"Everland"," South Korea","2019",66100000,"Amusement/Theme Park","Worldwide"
"Everland"," South Korea","2020",27600000,"Amusement/Theme Park","Worldwide"
"Everland"," South Korea","2021",37100000,"Amusement/Theme Park","Worldwide"
"Everland"," South Korea","2022",57700000,"Amusement/Theme Park","Worldwide"
"Efteling Theme Park Resort"," the Netherlands","2019",52600000,"Amusement/Theme Park","Worldwide"
"Efteling Theme Park Resort"," the Netherlands","2020",2.9e+07,"Amusement/Theme Park","Worldwide"
"Efteling Theme Park Resort"," the Netherlands","2021",3.3e+07,"Amusement/Theme Park","Worldwide"
"Efteling Theme Park Resort"," the Netherlands","2022",54300000,"Amusement/Theme Park","Worldwide"
"Walt Disney Studios Park"," France","2019",52500000,"Amusement/Theme Park","Worldwide"
"Walt Disney Studios Park"," France","2020",14100000,"Amusement/Theme Park","Worldwide"
"Walt Disney Studios Park"," France","2021",18800000,"Amusement/Theme Park","Worldwide"
"Walt Disney Studios Park"," France","2022",53400000,"Amusement/Theme Park","Worldwide"
"Shanghai Disneyland"," China","2019",112100000,"Amusement/Theme Park","Worldwide"
"Shanghai Disneyland"," China","2020",5.5e+07,"Amusement/Theme Park","Worldwide"
"Shanghai Disneyland"," China","2021",84800000,"Amusement/Theme Park","Worldwide"
"Shanghai Disneyland"," China","2022",5.3e+07,"Amusement/Theme Park","Worldwide"
"Lotte World"," South Korea","2019",59500000,"Amusement/Theme Park","Worldwide"
"Lotte World"," South Korea","2020",15600000,"Amusement/Theme Park","Worldwide"
"Lotte World"," South Korea","2021",24600000,"Amusement/Theme Park","Worldwide"
"Lotte World"," South Korea","2022",45200000,"Amusement/Theme Park","Worldwide"
"Chimelong Ocean Kingdom"," China","2019",117400000,"Amusement/Theme Park","Worldwide"
"Chimelong Ocean Kingdom"," China","2020",4.8e+07,"Amusement/Theme Park","Worldwide"
"Chimelong Ocean Kingdom"," China","2021",74500000,"Amusement/Theme Park","Worldwide"
"Chimelong Ocean Kingdom"," China","2022",4.4e+07,"Amusement/Theme Park","Worldwide"
"Nagashima Spa Land"," Japan","2019",59500000,"Amusement/Theme Park","Worldwide"
"Nagashima Spa Land"," Japan","2020",2.4e+07,"Amusement/Theme Park","Worldwide"
"Nagashima Spa Land"," Japan","2021",3.6e+07,"Amusement/Theme Park","Worldwide"
"Nagashima Spa Land"," Japan","2022",4.2e+07,"Amusement/Theme Park","Worldwide"
"OCT Happy Valley"," Beijing","2019",51600000,"Amusement/Theme Park","Worldwide"
"OCT Happy Valley"," Beijing","2020",39500000,"Amusement/Theme Park","Worldwide"
"OCT Happy Valley"," Beijing","2021",49300000,"Amusement/Theme Park","Worldwide"
"OCT Happy Valley"," Beijing","2022",37400000,"Amusement/Theme Park","Worldwide"
"Hong Kong Disneyland"," Hong Kong S.A.R.","2019",5.7e+07,"Amusement/Theme Park","Worldwide"
"Hong Kong Disneyland"," Hong Kong S.A.R.","2020",1.7e+07,"Amusement/Theme Park","Worldwide"
"Hong Kong Disneyland"," Hong Kong S.A.R.","2021",2.8e+07,"Amusement/Theme Park","Worldwide"
"Hong Kong Disneyland"," Hong Kong S.A.R.","2022",3.4e+07,"Amusement/Theme Park","Worldwide"
"Chimelong Paradise"," China","2019",49100000,"Amusement/Theme Park","Worldwide"
"Chimelong Paradise"," China","2020",26800000,"Amusement/Theme Park","Worldwide"
"Chimelong Paradise"," China","2021",38900000,"Amusement/Theme Park","Worldwide"
"Chimelong Paradise"," China","2022",2.3e+07,"Amusement/Theme Park","Worldwide"
"Ocean Park"," Hong Kong S.A.R.","2019",5.7e+07,"Amusement/Theme Park","Worldwide"
"Ocean Park"," Hong Kong S.A.R.","2020",2.2e+07,"Amusement/Theme Park","Worldwide"
"Ocean Park"," Hong Kong S.A.R.","2021",1.4e+07,"Amusement/Theme Park","Worldwide"
"Ocean Park"," Hong Kong S.A.R.","2022",1.4e+07,"Amusement/Theme Park","Worldwide"
"Magic Kingdom. Lake Buena Vista"," FL","2019",209600000,"Amusement/Theme Park","North America"
"Magic Kingdom. Lake Buena Vista"," FL","2020",69400000,"Amusement/Theme Park","North America"
"Magic Kingdom. Lake Buena Vista"," FL","2021",126900000,"Amusement/Theme Park","North America"
"Magic Kingdom. Lake Buena Vista"," FL","2022",171300000,"Amusement/Theme Park","North America"
"Disneyland Anaheim"," CA","2019",186700000,"Amusement/Theme Park","North America"
"Disneyland Anaheim"," CA","2020",36700000,"Amusement/Theme Park","North America"
"Disneyland Anaheim"," CA","2021",85700000,"Amusement/Theme Park","North America"
"Disneyland Anaheim"," CA","2022",168800000,"Amusement/Theme Park","North America"
"Islands of Adventure. Orlando"," FL","2019",103800000,"Amusement/Theme Park","North America"
"Islands of Adventure. Orlando"," FL","2020",40100000,"Amusement/Theme Park","North America"
"Islands of Adventure. Orlando"," FL","2021",90800000,"Amusement/Theme Park","North America"
"Islands of Adventure. Orlando"," FL","2022",110300000,"Amusement/Theme Park","North America"
"Disney's Hollywood Studios. Lake Buena Vista"," FL","2019",114800000,"Amusement/Theme Park","North America"
"Disney's Hollywood Studios. Lake Buena Vista"," FL","2020",36800000,"Amusement/Theme Park","North America"
"Disney's Hollywood Studios. Lake Buena Vista"," FL","2021",85900000,"Amusement/Theme Park","North America"
"Disney's Hollywood Studios. Lake Buena Vista"," FL","2022",1.09e+08,"Amusement/Theme Park","North America"
"Universal Studios Hollywood. Universal City"," CA","2019",109200000,"Amusement/Theme Park","North America"
"Universal Studios Hollywood. Universal City"," CA","2020",4.1e+07,"Amusement/Theme Park","North America"
"Universal Studios Hollywood. Universal City"," CA","2021",89900000,"Amusement/Theme Park","North America"
"Universal Studios Hollywood. Universal City"," CA","2022",107500000,"Amusement/Theme Park","North America"
"Epcot. Lake Buena Vista"," FL","2019",124400000,"Amusement/Theme Park","North America"
"Epcot. Lake Buena Vista"," FL","2020",40400000,"Amusement/Theme Park","North America"
"Epcot. Lake Buena Vista"," FL","2021",77500000,"Amusement/Theme Park","North America"
"Epcot. Lake Buena Vista"," FL","2022",1e+08,"Amusement/Theme Park","North America"
"Disney's Animal Kingdom. Lake Buena Vista"," FL","2019",138800000,"Amusement/Theme Park","North America"
"Disney's Animal Kingdom. Lake Buena Vista"," FL","2020",41700000,"Amusement/Theme Park","North America"
"Disney's Animal Kingdom. Lake Buena Vista"," FL","2021",71900000,"Amusement/Theme Park","North America"
"Disney's Animal Kingdom. Lake Buena Vista"," FL","2022",90300000,"Amusement/Theme Park","North America"
"Disney's California Adventure. Anaheim"," CA","2019",98600000,"Amusement/Theme Park","North America"
"Disney's California Adventure. Anaheim"," CA","2020",19200000,"Amusement/Theme Park","North America"
"Disney's California Adventure. Anaheim"," CA","2021",49800000,"Amusement/Theme Park","North America"
"Disney's California Adventure. Anaheim"," CA","2022",9e+07,"Amusement/Theme Park","North America"
"Universal Studios. Orlando"," FL","2019",91500000,"Amusement/Theme Park","North America"
"Universal Studios. Orlando"," FL","2020",1.3e+07,"Amusement/Theme Park","North America"
"Universal Studios. Orlando"," FL","2021",55100000,"Amusement/Theme Park","North America"
"Universal Studios. Orlando"," FL","2022",8.4e+07,"Amusement/Theme Park","North America"
"Seaworld Florida. Orlando"," FL","2019",46400000,"Amusement/Theme Park","North America"
"Seaworld Florida. Orlando"," FL","2020",1.6e+07,"Amusement/Theme Park","North America"
"Seaworld Florida. Orlando"," FL","2021",30500000,"Amusement/Theme Park","North America"
"Seaworld Florida. Orlando"," FL","2022",44500000,"Amusement/Theme Park","North America"
"Busch Gardens. Tampa Bay"," FL","2019",41800000,"Amusement/Theme Park","North America"
"Busch Gardens. Tampa Bay"," FL","2020",12900000,"Amusement/Theme Park","North America"
"Busch Gardens. Tampa Bay"," FL","2021",32100000,"Amusement/Theme Park","North America"
"Busch Gardens. Tampa Bay"," FL","2022",40500000,"Amusement/Theme Park","North America"
"Knott's Berry Farm. Buena Park"," CA","2019",42400000,"Amusement/Theme Park","North America"
"Knott's Berry Farm. Buena Park"," CA","2020",8100000,"Amusement/Theme Park","North America"
"Knott's Berry Farm. Buena Park"," CA","2021",36800000,"Amusement/Theme Park","North America"
"Knott's Berry Farm. Buena Park"," CA","2022",3.9e+07,"Amusement/Theme Park","North America"
"Canada's Wonderland. Maple"," ON","2019",39500000,"Amusement/Theme Park","North America"
"Canada's Wonderland. Maple"," ON","2020",0,"Amusement/Theme Park","North America"
"Canada's Wonderland. Maple"," ON","2021",5900000,"Amusement/Theme Park","North America"
"Canada's Wonderland. Maple"," ON","2022",37700000,"Amusement/Theme Park","North America"
"Cedar Point. Sandusky"," OH","2019",37300000,"Amusement/Theme Park","North America"
"Cedar Point. Sandusky"," OH","2020",11400000,"Amusement/Theme Park","North America"
"Cedar Point. Sandusky"," OH","2021",2.8e+07,"Amusement/Theme Park","North America"
"Cedar Point. Sandusky"," OH","2022",35100000,"Amusement/Theme Park","North America"
"Six Flags Magic Mountain. Valencia"," CA","2019",36100000,"Amusement/Theme Park","North America"
"Six Flags Magic Mountain. Valencia"," CA","2020",10200000,"Amusement/Theme Park","North America"
"Six Flags Magic Mountain. Valencia"," CA","2021",33300000,"Amusement/Theme Park","North America"
"Six Flags Magic Mountain. Valencia"," CA","2022",34400000,"Amusement/Theme Park","North America"
"Seaworld San Diego"," CA","2019",34900000,"Amusement/Theme Park","North America"
"Seaworld San Diego"," CA","2020",16300000,"Amusement/Theme Park","North America"
"Seaworld San Diego"," CA","2021",31800000,"Amusement/Theme Park","North America"
"Seaworld San Diego"," CA","2022",33400000,"Amusement/Theme Park","North America"
"Hershey Park. Hershey"," PA","2019",33800000,"Amusement/Theme Park","North America"
"Hershey Park. Hershey"," PA","2020",17200000,"Amusement/Theme Park","North America"
"Hershey Park. Hershey"," PA","2021",30100000,"Amusement/Theme Park","North America"
"Hershey Park. Hershey"," PA","2022",31900000,"Amusement/Theme Park","North America"
"Kings Island. King Island"," OH","2019",35200000,"Amusement/Theme Park","North America"
"Kings Island. King Island"," OH","2020",6900000,"Amusement/Theme Park","North America"
"Kings Island. King Island"," OH","2021",30500000,"Amusement/Theme Park","North America"
"Kings Island. King Island"," OH","2022",29900000,"Amusement/Theme Park","North America"
"Six Flags Great America. Gurnee"," IL","2019",31700000,"Amusement/Theme Park","North America"
"Six Flags Great America. Gurnee"," IL","2020",0,"Amusement/Theme Park","North America"
"Six Flags Great America. Gurnee"," IL","2021",26800000,"Amusement/Theme Park","North America"
"Six Flags Great America. Gurnee"," IL","2022",25400000,"Amusement/Theme Park","North America"
"Six Flags Great Adventure. Jackson"," NJ","2019",34500000,"Amusement/Theme Park","North America"
"Six Flags Great Adventure. Jackson"," NJ","2020",6e+06,"Amusement/Theme Park","North America"
"Six Flags Great Adventure. Jackson"," NJ","2021",29100000,"Amusement/Theme Park","North America"
"Six Flags Great Adventure. Jackson"," NJ","2022",21500000,"Amusement/Theme Park","North America"
"Beto Carrero World"," Brazil","2019",22400000,"Amusement/Theme Park","Latin America"
"Beto Carrero World"," Brazil","2020",12500000,"Amusement/Theme Park","Latin America"
"Beto Carrero World"," Brazil","2021",1.9e+07,"Amusement/Theme Park","Latin America"
"Beto Carrero World"," Brazil","2022",23300000,"Amusement/Theme Park","Latin America"
"Six Flags Mexico"," Mexico","2019",2.8e+07,"Amusement/Theme Park","Latin America"
"Six Flags Mexico"," Mexico","2020",7e+06,"Amusement/Theme Park","Latin America"
"Six Flags Mexico"," Mexico","2021",11300000,"Amusement/Theme Park","Latin America"
"Six Flags Mexico"," Mexico","2022",17300000,"Amusement/Theme Park","Latin America"
"Parque Xcaret"," Mexico","2019",19600000,"Amusement/Theme Park","Latin America"
"Parque Xcaret"," Mexico","2020",7400000,"Amusement/Theme Park","Latin America"
"Parque Xcaret"," Mexico","2021",1.1e+07,"Amusement/Theme Park","Latin America"
"Parque Xcaret"," Mexico","2022",1.4e+07,"Amusement/Theme Park","Latin America"
"Fantasialandia"," Chile","2019",1.1e+07,"Amusement/Theme Park","Latin America"
"Fantasialandia"," Chile","2020",4300000,"Amusement/Theme Park","Latin America"
"Fantasialandia"," Chile","2021",6200000,"Amusement/Theme Park","Latin America"
"Fantasialandia"," Chile","2022",8500000,"Amusement/Theme Park","Latin America"
"Mundo Petapa"," Guatemala","2019",13300000,"Amusement/Theme Park","Latin America"
"Mundo Petapa"," Guatemala","2020",2700000,"Amusement/Theme Park","Latin America"
"Mundo Petapa"," Guatemala","2021",4e+06,"Amusement/Theme Park","Latin America"
"Mundo Petapa"," Guatemala","2022",8e+06,"Amusement/Theme Park","Latin America"
"Parque Mundo Aventura"," Colombia","2019",11500000,"Amusement/Theme Park","Latin America"
"Parque Mundo Aventura"," Colombia","2020",3400000,"Amusement/Theme Park","Latin America"
"Parque Mundo Aventura"," Colombia","2021",6300000,"Amusement/Theme Park","Latin America"
"Parque Mundo Aventura"," Colombia","2022",7500000,"Amusement/Theme Park","Latin America"
"Parque Nacional del Café"," Colombia","2019",10400000,"Amusement/Theme Park","Latin America"
"Parque Nacional del Café"," Colombia","2020",3200000,"Amusement/Theme Park","Latin America"
"Parque Nacional del Café"," Colombia","2021",4800000,"Amusement/Theme Park","Latin America"
"Parque Nacional del Café"," Colombia","2022",6300000,"Amusement/Theme Park","Latin America"
"Parque de la Costa"," Argentina","2019",9700000,"Amusement/Theme Park","Latin America"
"Parque de la Costa"," Argentina","2020",2600000,"Amusement/Theme Park","Latin America"
"Parque de la Costa"," Argentina","2021",4e+06,"Amusement/Theme Park","Latin America"
"Parque de la Costa"," Argentina","2022",5100000,"Amusement/Theme Park","Latin America"
"Shanghai Disneyland"," China","2019",112100000,"Amusement/Theme Park","Asia Pacific"
"Shanghai Disneyland"," China","2020",5.5e+07,"Amusement/Theme Park","Asia Pacific"
"Shanghai Disneyland"," China","2021",84800000,"Amusement/Theme Park","Asia Pacific"
"Chimelong Ocean Kingdom"," China","2019",117400000,"Amusement/Theme Park","Asia Pacific"
"Chimelong Ocean Kingdom"," China","2020",4.8e+07,"Amusement/Theme Park","Asia Pacific"
"Chimelong Ocean Kingdom"," China","2021",74500000,"Amusement/Theme Park","Asia Pacific"
"Tokyo Disneyland"," Japan","2019",179100000,"Amusement/Theme Park","Asia Pacific"
"Tokyo Disneyland"," Japan","2020",41600000,"Amusement/Theme Park","Asia Pacific"
"Tokyo Disneyland"," Japan","2021",6.3e+07,"Amusement/Theme Park","Asia Pacific"
"Tokyo Disneysea"," Japan","2019",146500000,"Amusement/Theme Park","Asia Pacific"
"Tokyo Disneysea"," Japan","2020",3.4e+07,"Amusement/Theme Park","Asia Pacific"
"Tokyo Disneysea"," Japan","2021",5.8e+07,"Amusement/Theme Park","Asia Pacific"
"Universal Studios"," Japan","2019",1.45e+08,"Amusement/Theme Park","Asia Pacific"
"Universal Studios"," Japan","2020",4.9e+07,"Amusement/Theme Park","Asia Pacific"
"Universal Studios"," Japan","2021",5.5e+07,"Amusement/Theme Park","Asia Pacific"
"OCT Happy Valley Beijing"," China","2019",51600000,"Amusement/Theme Park","Asia Pacific"
"OCT Happy Valley Beijing"," China","2020",39500000,"Amusement/Theme Park","Asia Pacific"
"OCT Happy Valley Beijing"," China","2021",49300000,"Amusement/Theme Park","Asia Pacific"
"Chimelong Paradise"," China","2019",49100000,"Amusement/Theme Park","Asia Pacific"
"Chimelong Paradise"," China","2020",26800000,"Amusement/Theme Park","Asia Pacific"
"Chimelong Paradise"," China","2021",38900000,"Amusement/Theme Park","Asia Pacific"
"Everland"," South Korea","2019",66100000,"Amusement/Theme Park","Asia Pacific"
"Everland"," South Korea","2020",27600000,"Amusement/Theme Park","Asia Pacific"
"Everland"," South Korea","2021",37100000,"Amusement/Theme Park","Asia Pacific"
"Nagashima Spa Land"," Japan","2019",59500000,"Amusement/Theme Park","Asia Pacific"
"Nagashima Spa Land"," Japan","2020",2.4e+07,"Amusement/Theme Park","Asia Pacific"
"Nagashima Spa Land"," Japan","2021",3.6e+07,"Amusement/Theme Park","Asia Pacific"
"OCT Happy Valley Shenzhen"," China","2019",39800000,"Amusement/Theme Park","Asia Pacific"
"OCT Happy Valley Shenzhen"," China","2020",31200000,"Amusement/Theme Park","Asia Pacific"
"OCT Happy Valley Shenzhen"," China","2021",33100000,"Amusement/Theme Park","Asia Pacific"
"OCT Happy Valley"," Shanghai","2019",33900000,"Amusement/Theme Park","Asia Pacific"
"OCT Happy Valley"," Shanghai","2020",27300000,"Amusement/Theme Park","Asia Pacific"
"OCT Happy Valley"," Shanghai","2021",3.3e+07,"Amusement/Theme Park","Asia Pacific"
"Ningbo Fantawild Oriental Heritage"," China","2019",35800000,"Amusement/Theme Park","Asia Pacific"
"Ningbo Fantawild Oriental Heritage"," China","2020",26200000,"Amusement/Theme Park","Asia Pacific"
"Ningbo Fantawild Oriental Heritage"," China","2021",29400000,"Amusement/Theme Park","Asia Pacific"
"Hong Kong Disneyland"," Hong Kong","2019",5.7e+07,"Amusement/Theme Park","Asia Pacific"
"Hong Kong Disneyland"," Hong Kong","2020",1.7e+07,"Amusement/Theme Park","Asia Pacific"
"Hong Kong Disneyland"," Hong Kong","2021",2.8e+07,"Amusement/Theme Park","Asia Pacific"
"Zhengzhou Fantawild Adventure"," China","2019",38400000,"Amusement/Theme Park","Asia Pacific"
"Zhengzhou Fantawild Adventure"," China","2020",34200000,"Amusement/Theme Park","Asia Pacific"
"Zhengzhou Fantawild Adventure"," China","2021",27500000,"Amusement/Theme Park","Asia Pacific"
"China Dinosaur Park"," Changzhou","2019",44300000,"Amusement/Theme Park","Asia Pacific"
"China Dinosaur Park"," Changzhou","2020",23800000,"Amusement/Theme Park","Asia Pacific"
"China Dinosaur Park"," Changzhou","2021",2.5e+07,"Amusement/Theme Park","Asia Pacific"
"Lotte World"," South Korea","2019",59500000,"Amusement/Theme Park","Asia Pacific"
"Lotte World"," South Korea","2020",15600000,"Amusement/Theme Park","Asia Pacific"
"Lotte World"," South Korea","2021",24600000,"Amusement/Theme Park","Asia Pacific"
"OCT Window of the World"," Shenzen","2019",39900000,"Amusement/Theme Park","Asia Pacific"
"OCT Window of the World"," Shenzen","2020",18900000,"Amusement/Theme Park","Asia Pacific"
"OCT Window of the World"," Shenzen","2021",2.4e+07,"Amusement/Theme Park","Asia Pacific"
"OCT Happy Valley Chengdu"," China","2019",35800000,"Amusement/Theme Park","Asia Pacific"
"OCT Happy Valley Chengdu"," China","2020",22600000,"Amusement/Theme Park","Asia Pacific"
"OCT Happy Valley Chengdu"," China","2021",23100000,"Amusement/Theme Park","Asia Pacific"
"Ocean Park"," Hong Kong","2019",5.7e+07,"Amusement/Theme Park","Asia Pacific"
"Ocean Park"," Hong Kong","2020",2.2e+07,"Amusement/Theme Park","Asia Pacific"
"Ocean Park"," Hong Kong","2021",1.4e+07,"Amusement/Theme Park","Asia Pacific"
"Universal Studios Singapore",NA,"2019",4.5e+07,"Amusement/Theme Park","Asia Pacific"
"Universal Studios Singapore",NA,"2020",1.1e+07,"Amusement/Theme Park","Asia Pacific"
"Universal Studios Singapore",NA,"2021",1.2e+07,"Amusement/Theme Park","Asia Pacific"
"Typhoon Lagoon"," Orlando","2019",22500000,"Water Park","North America"
"Typhoon Lagoon"," Orlando","2020",0,"Water Park","North America"
"Typhoon Lagoon"," Orlando","2021",NA,"Water Park","North America"
"Typhoon Lagoon"," Orlando","2022",19200000,"Water Park","North America"
"Universal's Volcano Bay"," Orlando","2019",18100000,"Water Park","North America"
"Universal's Volcano Bay"," Orlando","2020",5500000,"Water Park","North America"
"Universal's Volcano Bay"," Orlando","2021",16900000,"Water Park","North America"
"Universal's Volcano Bay"," Orlando","2022",18500000,"Water Park","North America"
"Aquatica"," Orlando","2019",15300000,"Water Park","North America"
"Aquatica"," Orlando","2020",5300000,"Water Park","North America"
"Aquatica"," Orlando","2021",11500000,"Water Park","North America"
"Aquatica"," Orlando","2022",15500000,"Water Park","North America"
"Schlitterbahn"," New Braunfels","2019",1e+07,"Water Park","North America"
"Schlitterbahn"," New Braunfels","2020",4500000,"Water Park","North America"
"Schlitterbahn"," New Braunfels","2021",8900000,"Water Park","North America"
"Schlitterbahn"," New Braunfels","2022",9500000,"Water Park","North America"
"Water Country USA"," Williamsburg","2019",7400000,"Water Park","North America"
"Water Country USA"," Williamsburg","2020",0,"Water Park","North America"
"Water Country USA"," Williamsburg","2021",7e+06,"Water Park","North America"
"Water Country USA"," Williamsburg","2022",7100000,"Water Park","North America"
"Adventure Island"," Tampa","2019",6600000,"Water Park","North America"
"Adventure Island"," Tampa","2020",1300000,"Water Park","North America"
"Adventure Island"," Tampa","2021",5900000,"Water Park","North America"
"Adventure Island"," Tampa","2022",6400000,"Water Park","North America"
"Aquatica San Antonio"," San Antonio","2019",6500000,"Water Park","North America"
"Aquatica San Antonio"," San Antonio","2020",2600000,"Water Park","North America"
"Aquatica San Antonio"," San Antonio","2021",5900000,"Water Park","North America"
"Aquatica San Antonio"," San Antonio","2022",6300000,"Water Park","North America"
"Schlitterbahn"," Galveston","2019",5700000,"Water Park","North America"
"Schlitterbahn"," Galveston","2020",3400000,"Water Park","North America"
"Schlitterbahn"," Galveston","2021",4e+06,"Water Park","North America"
"Schlitterbahn"," Galveston","2022",5400000,"Water Park","North America"
"Six Flags Hurricane Harbor"," Jackson","2019",4800000,"Water Park","North America"
"Six Flags Hurricane Harbor"," Jackson","2020",2e+06,"Water Park","North America"
"Six Flags Hurricane Harbor"," Jackson","2021",4500000,"Water Park","North America"
"Six Flags Hurricane Harbor"," Jackson","2022",4300000,"Water Park","North America"
"Cedar Point Shores"," Sandusky","2019",4200000,"Water Park","North America"
"Cedar Point Shores"," Sandusky","2020",0,"Water Park","North America"
"Cedar Point Shores"," Sandusky","2021",4e+06,"Water Park","North America"
"Cedar Point Shores"," Sandusky","2022",4100000,"Water Park","North America"
"Zoombezi Bay"," Powell","2019",4700000,"Water Park","North America"
"Zoombezi Bay"," Powell","2020",1800000,"Water Park","North America"
"Zoombezi Bay"," Powell","2021",3700000,"Water Park","North America"
"Zoombezi Bay"," Powell","2022",4e+06,"Water Park","North America"
"Six Flags Hurricane Harbor"," Arlington","2019",5400000,"Water Park","North America"
"Six Flags Hurricane Harbor"," Arlington","2020",0,"Water Park","North America"
"Six Flags Hurricane Harbor"," Arlington","2021",3800000,"Water Park","North America"
"Six Flags Hurricane Harbor"," Arlington","2022",3900000,"Water Park","North America"
"Dollywood's Splash Country"," Pigeon Ford","2019",4300000,"Water Park","North America"
"Dollywood's Splash Country"," Pigeon Ford","2020",1900000,"Water Park","North America"
"Dollywood's Splash Country"," Pigeon Ford","2021",2800000,"Water Park","North America"
"Dollywood's Splash Country"," Pigeon Ford","2022",3700000,"Water Park","North America"
"Camelbeach"," Tannersville","2019",4400000,"Water Park","North America"
"Camelbeach"," Tannersville","2020",0,"Water Park","North America"
"Camelbeach"," Tannersville","2021",2300000,"Water Park","North America"
"Camelbeach"," Tannersville","2022",3700000,"Water Park","North America"
"Typhoon"," Texas","2019",4800000,"Water Park","North America"
"Typhoon"," Texas","2020",0,"Water Park","North America"
"Typhoon"," Texas","2021",3400000,"Water Park","North America"
"Typhoon"," Texas","2022",3600000,"Water Park","North America"
"Six Flags White Water"," Marietta","2019",5300000,"Water Park","North America"
"Six Flags White Water"," Marietta","2020",2400000,"Water Park","North America"
"Six Flags White Water"," Marietta","2021",3700000,"Water Park","North America"
"Six Flags White Water"," Marietta","2022",3500000,"Water Park","North America"
"Six Flags Hurricane Harbor Splashtown"," Spring","2019",4800000,"Water Park","North America"
"Six Flags Hurricane Harbor Splashtown"," Spring","2020",9e+05,"Water Park","North America"
"Six Flags Hurricane Harbor Splashtown"," Spring","2021",3300000,"Water Park","North America"
"Six Flags Hurricane Harbor Splashtown"," Spring","2022",3400000,"Water Park","North America"
"Six Flags Hurricane Harbor Phoenix"," Glendale","2019",4400000,"Water Park","North America"
"Six Flags Hurricane Harbor Phoenix"," Glendale","2020",1500000,"Water Park","North America"
"Six Flags Hurricane Harbor Phoenix"," Glendale","2021",3100000,"Water Park","North America"
"Six Flags Hurricane Harbor Phoenix"," Glendale","2022",3200000,"Water Park","North America"
"Blizzard Beach"," Orlando","2019",19800000,"Water Park","North America"
"Blizzard Beach"," Orlando","2020",3200000,"Water Park","North America"
"Blizzard Beach"," Orlando","2021",1.2e+07,"Water Park","North America"
"Blizzard Beach"," Orlando","2022",1e+06,"Water Park","North America"
"Thermas dos Laranjais"," Brazil","2020",9225000,"Water Park","Latin America"
"Hot Park Rio Quente"," Brazil","2020",7345000,"Water Park","Latin America"
"Aquaventure Water Park"," Bahamas","2020",4940000,"Water Park","Latin America"
"Magic City Water Park"," Brazil","2020",3550000,"Water Park","Latin America"
"Thermas Water Park"," Brazil","2020",3150000,"Water Park","Latin America"
"Beach Park"," Brazil","2020",3120000,"Water Park","Latin America"
"Piscilago"," Colombia","2020",3070000,"Water Park","Latin America"
"Hot Beach"," Brazil","2020",2432000,"Water Park","Latin America"
"Parque Acuático El Rollo"," Mexico","2020",2100000,"Water Park","Latin America"
"Parque Acuático Xocomil"," Guatemala","2020",1210000,"Water Park","Latin America"
"Chimelong Water Park"," Guangzhou","2019",30100000,"Water Park","Asia Pacific"
"Chimelong Water Park"," Guangzhou","2020",15100000,"Water Park","Asia Pacific"
"Chimelong Water Park"," Guangzhou","2021",22300000,"Water Park","Asia Pacific"
"Aquaventure Atlantis"," Sanya","2019",1.2e+07,"Water Park","Asia Pacific"
"Aquaventure Atlantis"," Sanya","2020",1.2e+07,"Water Park","Asia Pacific"
"Aquaventure Atlantis"," Sanya","2021",1.2e+07,"Water Park","Asia Pacific"
"Playa Maya Water Park"," Shanghai","2019",9700000,"Water Park","Asia Pacific"
"Playa Maya Water Park"," Shanghai","2020",8600000,"Water Park","Asia Pacific"
"Playa Maya Water Park"," Shanghai","2021",10800000,"Water Park","Asia Pacific"
"Wet 'n' Wild Gold Coast"," Gold Coast","2019",11200000,"Water Park","Asia Pacific"
"Wet 'n' Wild Gold Coast"," Gold Coast","2020",9500000,"Water Park","Asia Pacific"
"Wet 'n' Wild Gold Coast"," Gold Coast","2021",9700000,"Water Park","Asia Pacific"
"Playa Maya Water Park"," Wuhan","2019",12100000,"Water Park","Asia Pacific"
"Playa Maya Water Park"," Wuhan","2020",9300000,"Water Park","Asia Pacific"
"Playa Maya Water Park"," Wuhan","2021",7300000,"Water Park","Asia Pacific"
"Playa Maya Water Park"," Tianjin","2019",7500000,"Water Park","Asia Pacific"
"Playa Maya Water Park"," Tianjin","2020",5500000,"Water Park","Asia Pacific"
"Playa Maya Water Park"," Tianjin","2021",7300000,"Water Park","Asia Pacific"
"Summerland"," Tokyo","2019",8700000,"Water Park","Asia Pacific"
"Summerland"," Tokyo","2020",4500000,"Water Park","Asia Pacific"
"Summerland"," Tokyo","2021",6500000,"Water Park","Asia Pacific"
"Sunway Lost World of Tambun"," Perak","2019",1e+07,"Water Park","Asia Pacific"
"Sunway Lost World of Tambun"," Perak","2020",6e+06,"Water Park","Asia Pacific"
"Sunway Lost World of Tambun"," Perak","2021",6e+06,"Water Park","Asia Pacific"
"Sunway Lagoon"," Kuala Lumpur","2019",1.2e+07,"Water Park","Asia Pacific"
"Sunway Lagoon"," Kuala Lumpur","2020",6e+06,"Water Park","Asia Pacific"
"Sunway Lagoon"," Kuala Lumpur","2021",6e+06,"Water Park","Asia Pacific"
"Poseidon Beach Water World"," Harbin","2019",9200000,"Water Park","Asia Pacific"
"Poseidon Beach Water World"," Harbin","2020",3e+06,"Water Park","Asia Pacific"
"Poseidon Beach Water World"," Harbin","2021",5800000,"Water Park","Asia Pacific"
"Xiamen Fantawild Waterpark"," Xiamen","2019",8300000,"Water Park","Asia Pacific"
"Xiamen Fantawild Waterpark"," Xiamen","2020",4400000,"Water Park","Asia Pacific"
"Xiamen Fantawild Waterpark"," Xiamen","2021",5500000,"Water Park","Asia Pacific"
"Zhengzhou Fantawild Water Park"," Zhengzhou","2019",9100000,"Water Park","Asia Pacific"
"Zhengzhou Fantawild Water Park"," Zhengzhou","2020",6200000,"Water Park","Asia Pacific"
"Zhengzhou Fantawild Water Park"," Zhengzhou","2021",4400000,"Water Park","Asia Pacific"
"Wuhu Fantawild Water Park"," Wuhu","2019",13500000,"Water Park","Asia Pacific"
"Wuhu Fantawild Water Park"," Wuhu","2020",7700000,"Water Park","Asia Pacific"
"Wuhu Fantawild Water Park"," Wuhu","2021",4300000,"Water Park","Asia Pacific"
"Adventure Cove Water Park"," Singapore","2019",7100000,"Water Park","Asia Pacific"
"Adventure Cove Water Park"," Singapore","2020",3e+06,"Water Park","Asia Pacific"
"Adventure Cove Water Park"," Singapore","2021",3300000,"Water Park","Asia Pacific"
"The Jungle Water Adventure"," Bogor","2019",7900000,"Water Park","Asia Pacific"
"The Jungle Water Adventure"," Bogor","2020",2e+06,"Water Park","Asia Pacific"
"The Jungle Water Adventure"," Bogor","2021",2700000,"Water Park","Asia Pacific"
"Carribean Bay"," Seoul","2019",13300000,"Water Park","Asia Pacific"
"Carribean Bay"," Seoul","2020",1700000,"Water Park","Asia Pacific"
"Carribean Bay"," Seoul","2021",2200000,"Water Park","Asia Pacific"
"Ocean World"," Hongcheon","2019",10700000,"Water Park","Asia Pacific"
"Ocean World"," Hongcheon","2020",1800000,"Water Park","Asia Pacific"
"Ocean World"," Hongcheon","2021",1200000,"Water Park","Asia Pacific"
"Woongjin Playdoci Waterdoci"," Bucheon","2019",7500000,"Water Park","Asia Pacific"
"Woongjin Playdoci Waterdoci"," Bucheon","2020",1500000,"Water Park","Asia Pacific"
"Woongjin Playdoci Waterdoci"," Bucheon","2021",9e+05,"Water Park","Asia Pacific"
"Lotte Water Park"," Gimhae","2019",7400000,"Water Park","Asia Pacific"
"Lotte Water Park"," Gimhae","2020",1300000,"Water Park","Asia Pacific"
"Lotte Water Park"," Gimhae","2021",8e+05,"Water Park","Asia Pacific"
"Atlantis Water Adventure"," Jakarta","2019",9100000,"Water Park","Asia Pacific"
"Atlantis Water Adventure"," Jakarta","2020",2200000,"Water Park","Asia Pacific"
"Atlantis Water Adventure"," Jakarta","2021",3e+05,"Water Park","Asia Pacific"
"Louvre"," Paris","2019",9.6e+07,"Museum","Worldwide"
"Louvre"," Paris","2020",2.7e+07,"Museum","Worldwide"
"Louvre"," Paris","2021",28300000,"Museum","Worldwide"
"Louvre"," Paris","2022",77300000,"Museum","Worldwide"
"Vatican Museums"," Vatican City","2019",68800000,"Museum","Worldwide"
"Vatican Museums"," Vatican City","2020",1.3e+07,"Museum","Worldwide"
"Vatican Museums"," Vatican City","2021",16100000,"Museum","Worldwide"
"Vatican Museums"," Vatican City","2022",50800000,"Museum","Worldwide"
"National History Museum"," London","2019",54200000,"Museum","Worldwide"
"National History Museum"," London","2020",1.2e+07,"Museum","Worldwide"
"National History Museum"," London","2021",15600000,"Museum","Worldwide"
"National History Museum"," London","2022",46600000,"Museum","Worldwide"
"British Museum"," London","2019",62100000,"Museum","Worldwide"
"British Museum"," London","2020",12800000,"Museum","Worldwide"
"British Museum"," London","2021",13300000,"Museum","Worldwide"
"British Museum"," London","2022",4.1e+07,"Museum","Worldwide"
"National Museum of Natural History"," Washington D.C.","2019",4.2e+07,"Museum","Worldwide"
"National Museum of Natural History"," Washington D.C.","2020",5700000,"Museum","Worldwide"
"National Museum of Natural History"," Washington D.C.","2021",9800000,"Museum","Worldwide"
"National Museum of Natural History"," Washington D.C.","2022",3.9e+07,"Museum","Worldwide"
"Tate Modern"," London","2019",6.1e+07,"Museum","Worldwide"
"Tate Modern"," London","2020",14300000,"Museum","Worldwide"
"Tate Modern"," London","2021",11600000,"Museum","Worldwide"
"Tate Modern"," London","2022",38800000,"Museum","Worldwide"
"Musée d'Orsay"," Paris","2019",36500000,"Museum","Worldwide"
"Musée d'Orsay"," Paris","2020",8700000,"Museum","Worldwide"
"Musée d'Orsay"," Paris","2021",10400000,"Museum","Worldwide"
"Musée d'Orsay"," Paris","2022",32700000,"Museum","Worldwide"
"National Gallery of Art"," Washington D.C.","2019",40700000,"Museum","Worldwide"
"National Gallery of Art"," Washington D.C.","2020",7300000,"Museum","Worldwide"
"National Gallery of Art"," Washington D.C.","2021",17100000,"Museum","Worldwide"
"National Gallery of Art"," Washington D.C.","2022",32300000,"Museum","Worldwide"
"Metropolitan Museum of Art"," New York","2019",67700000,"Museum","Worldwide"
"Metropolitan Museum of Art"," New York","2020",11300000,"Museum","Worldwide"
"Metropolitan Museum of Art"," New York","2021",19600000,"Museum","Worldwide"
"Metropolitan Museum of Art"," New York","2022",32100000,"Museum","Worldwide"
"Reina Sofía"," Madrid","2019",44300000,"Museum","Worldwide"
"Reina Sofía"," Madrid","2020",12500000,"Museum","Worldwide"
"Reina Sofía"," Madrid","2021",16400000,"Museum","Worldwide"
"Reina Sofía"," Madrid","2022",30600000,"Museum","Worldwide"
"State Hermitage Museum"," St Petersburg","2019",49600000,"Museum","Worldwide"
"State Hermitage Museum"," St Petersburg","2020",9700000,"Museum","Worldwide"
"State Hermitage Museum"," St Petersburg","2021",16500000,"Museum","Worldwide"
"State Hermitage Museum"," St Petersburg","2022",28100000,"Museum","Worldwide"
"National Gallery"," London","2019",60100000,"Museum","Worldwide"
"National Gallery"," London","2020",1.2e+07,"Museum","Worldwide"
"National Gallery"," London","2021",7100000,"Museum","Worldwide"
"National Gallery"," London","2022",27300000,"Museum","Worldwide"
"Victoria & Albert Museum"," London","2019",39200000,"Museum","Worldwide"
"Victoria & Albert Museum"," London","2020",8700000,"Museum","Worldwide"
"Victoria & Albert Museum"," London","2021",8600000,"Museum","Worldwide"
"Victoria & Albert Museum"," London","2022",23700000,"Museum","Worldwide"
"Nanjing Museum"," Nanjing","2019",41700000,"Museum","Worldwide"
"Nanjing Museum"," Nanjing","2020",15200000,"Museum","Worldwide"
"Nanjing Museum"," Nanjing","2021",20300000,"Museum","Worldwide"
"Nanjing Museum"," Nanjing","2022",16100000,"Museum","Worldwide"
"National Museum of China"," Beijing","2019",73900000,"Museum","Worldwide"
"National Museum of China"," Beijing","2020",1.6e+07,"Museum","Worldwide"
"National Museum of China"," Beijing","2021",23800000,"Museum","Worldwide"
"National Museum of China"," Beijing","2022",1.6e+07,"Museum","Worldwide"
"China Science Technology Museum"," Beijing","2019",38900000,"Museum","Worldwide"
"China Science Technology Museum"," Beijing","2020",6900000,"Museum","Worldwide"
"China Science Technology Museum"," Beijing","2021",23600000,"Museum","Worldwide"
"China Science Technology Museum"," Beijing","2022",14300000,"Museum","Worldwide"
"National Palace Museum","Taiwan","2019",38300000,"Museum","Worldwide"
"National Palace Museum","Taiwan","2020",6400000,"Museum","Worldwide"
"National Palace Museum","Taiwan","2021",4200000,"Museum","Worldwide"
"National Palace Museum","Taiwan","2022",10400000,"Museum","Worldwide"
"Zhejiang Museum"," Hangzhou","2019",41500000,"Museum","Worldwide"
"Zhejiang Museum"," Hangzhou","2020",11100000,"Museum","Worldwide"
"Zhejiang Museum"," Hangzhou","2021",9300000,"Museum","Worldwide"
"Zhejiang Museum"," Hangzhou","2022",8700000,"Museum","Worldwide"
"Shanghai Science and Technology Museum"," Shanghai","2019",48200000,"Museum","Worldwide"
"Shanghai Science and Technology Museum"," Shanghai","2020",13500000,"Museum","Worldwide"
"Shanghai Science and Technology Museum"," Shanghai","2021",23700000,"Museum","Worldwide"
"Shanghai Science and Technology Museum"," Shanghai","2022",4900000,"Museum","Worldwide"
"Louvre"," Paris","2019",9.6e+07,"Museum","Europe"
"Louvre"," Paris","2020",2.7e+07,"Museum","Europe"
"Louvre"," Paris","2021",28250000,"Museum","Europe"
"Louvre"," Paris","2022",77260000,"Museum","Europe"
"Vatican Museums"," Vatican","2019",68830000,"Museum","Europe"
"Vatican Museums"," Vatican","2020",1.3e+07,"Museum","Europe"
"Vatican Museums"," Vatican","2021",16130000,"Museum","Europe"
"Vatican Museums"," Vatican","2022",50810000,"Museum","Europe"
"Natural History Museum"," London","2019",54240000,"Museum","Europe"
"Natural History Museum"," London","2020",11970000,"Museum","Europe"
"Natural History Museum"," London","2021",15640000,"Museum","Europe"
"Natural History Museum"," London","2022",46550000,"Museum","Europe"
"British Museum"," London","2019",62080000,"Museum","Europe"
"British Museum"," London","2020",12750000,"Museum","Europe"
"British Museum"," London","2021",13270000,"Museum","Europe"
"British Museum"," London","2022",40970000,"Museum","Europe"
"Tate Modern"," London","2019",60980000,"Museum","Europe"
"Tate Modern"," London","2020",14330000,"Museum","Europe"
"Tate Modern"," London","2021",11560000,"Museum","Europe"
"Tate Modern"," London","2022",38830000,"Museum","Europe"
"Musée D'Orsay"," Paris","2019",36520000,"Museum","Europe"
"Musée D'Orsay"," Paris","2020",8670000,"Museum","Europe"
"Musée D'Orsay"," Paris","2021",10440000,"Museum","Europe"
"Musée D'Orsay"," Paris","2022",32700000,"Museum","Europe"
"Reina Sofia"," Madrid","2019",44260000,"Museum","Europe"
"Reina Sofia"," Madrid","2020",12480000,"Museum","Europe"
"Reina Sofia"," Madrid","2021",16430000,"Museum","Europe"
"Reina Sofia"," Madrid","2022",30630000,"Museum","Europe"
"Centre Pompidou"," Paris","2019",32700000,"Museum","Europe"
"Centre Pompidou"," Paris","2020",9130000,"Museum","Europe"
"Centre Pompidou"," Paris","2021",15010000,"Museum","Europe"
"Centre Pompidou"," Paris","2022",30100000,"Museum","Europe"
"State Hermitage"," St Petersburg","2019",49570000,"Museum","Europe"
"State Hermitage"," St Petersburg","2020",9690000,"Museum","Europe"
"State Hermitage"," St Petersburg","2021",16490000,"Museum","Europe"
"State Hermitage"," St Petersburg","2022",28130000,"Museum","Europe"
"National Gallery"," London","2019",60110000,"Museum","Europe"
"National Gallery"," London","2020",11970000,"Museum","Europe"
"National Gallery"," London","2021",7090000,"Museum","Europe"
"National Gallery"," London","2022",27270000,"Museum","Europe"
"Museo Nacional Del Prado"," Madrid","2019",32030000,"Museum","Europe"
"Museo Nacional Del Prado"," Madrid","2020",8520000,"Museum","Europe"
"Museo Nacional Del Prado"," Madrid","2021",11750000,"Museum","Europe"
"Museo Nacional Del Prado"," Madrid","2022",24570000,"Museum","Europe"
"Victoria and Albert Museum"," London","2019",39210000,"Museum","Europe"
"Victoria and Albert Museum"," London","2020",8720000,"Museum","Europe"
"Victoria and Albert Museum"," London","2021",8580000,"Museum","Europe"
"Victoria and Albert Museum"," London","2022",23700000,"Museum","Europe"
"Science Museum (South Kensington)"," London","2019",32540000,"Museum","Europe"
"Science Museum (South Kensington)"," London","2020",8620000,"Museum","Europe"
"Science Museum (South Kensington)"," London","2021",6460000,"Museum","Europe"
"Science Museum (South Kensington)"," London","2022",23350000,"Museum","Europe"
"Galleria Degli Uffizi"," Florence","2019",23620000,"Museum","Europe"
"Galleria Degli Uffizi"," Florence","2020",6590000,"Museum","Europe"
"Galleria Degli Uffizi"," Florence","2021",9700000,"Museum","Europe"
"Galleria Degli Uffizi"," Florence","2022",22230000,"Museum","Europe"
"Cité des Sciences et de l'Industrie"," Paris","2019",23700000,"Museum","Europe"
"Cité des Sciences et de l'Industrie"," Paris","2020",7930000,"Museum","Europe"
"Cité des Sciences et de l'Industrie"," Paris","2021",9840000,"Museum","Europe"
"Cité des Sciences et de l'Industrie"," Paris","2022",21010000,"Museum","Europe"
"National Museum of Scotland"," Edinburgh","2019",22100000,"Museum","Europe"
"National Museum of Scotland"," Edinburgh","2020",4440000,"Museum","Europe"
"National Museum of Scotland"," Edinburgh","2021",6610000,"Museum","Europe"
"National Museum of Scotland"," Edinburgh","2022",19740000,"Museum","Europe"
"State Tretyakov Gallery"," Moscow","2019",28360000,"Museum","Europe"
"State Tretyakov Gallery"," Moscow","2020",8940000,"Museum","Europe"
"State Tretyakov Gallery"," Moscow","2021",15810000,"Museum","Europe"
"State Tretyakov Gallery"," Moscow","2022",19100000,"Museum","Europe"
"Rijksmuseum"," Amsterdam","2019",2.7e+07,"Museum","Europe"
"Rijksmuseum"," Amsterdam","2020",6750000,"Museum","Europe"
"Rijksmuseum"," Amsterdam","2021",6250000,"Museum","Europe"
"Rijksmuseum"," Amsterdam","2022",17660000,"Museum","Europe"
"Van Gogh Museum"," Amsterdam","2019",2.1e+07,"Museum","Europe"
"Van Gogh Museum"," Amsterdam","2020",5170000,"Museum","Europe"
"Van Gogh Museum"," Amsterdam","2021",3660000,"Museum","Europe"
"Van Gogh Museum"," Amsterdam","2022",13460000,"Museum","Europe"
"Auschwitz-Birkenau Museum"," Owięcim","2019",2.3e+07,"Museum","Europe"
"Auschwitz-Birkenau Museum"," Owięcim","2020",5020000,"Museum","Europe"
"Auschwitz-Birkenau Museum"," Owięcim","2021",5630000,"Museum","Europe"
"Auschwitz-Birkenau Museum"," Owięcim","2022",11840000,"Museum","Europe"
