"Park_Name","City","Country","Year","Attendance","Type","Region"
" MAGIC KINGDOM THEME PARK AT WALT DISNEY WORLD RESORT"," LAKE BUENA VISTA"," U.S.","2019",209630000,"Amusement/Theme Park","Worldwide"
" MAGIC KINGDOM THEME PARK AT WALT DISNEY WORLD RESORT"," LAKE BUENA VISTA"," U.S.","2020",69410000,"Amusement/Theme Park","Worldwide"
" MAGIC KINGDOM THEME PARK AT WALT DISNEY WORLD RESORT"," LAKE BUENA VISTA"," U.S.","2021",126910000,"Amusement/Theme Park","Worldwide"
" MAGIC KINGDOM THEME PARK AT WALT DISNEY WORLD RESORT"," LAKE BUENA VISTA"," U.S.","2022",171330000,"Amusement/Theme Park","Worldwide"
" DISNEYLAND PARK AT DISNEYLAND RESORT"," ANAHEIM"," U.S.","2019",186660000,"Amusement/Theme Park","Worldwide"
" DISNEYLAND PARK AT DISNEYLAND RESORT"," ANAHEIM"," U.S.","2020",36740000,"Amusement/Theme Park","Worldwide"
" DISNEYLAND PARK AT DISNEYLAND RESORT"," ANAHEIM"," U.S.","2021",85730000,"Amusement/Theme Park","Worldwide"
" DISNEYLAND PARK AT DISNEYLAND RESORT"," ANAHEIM"," U.S.","2022",168810000,"Amusement/Theme Park","Worldwide"
" TOKYO DISNEYLAND AT TOKYO DISNEY RESORT"," TOKYO"," JAPAN","2019",179100000,"Amusement/Theme Park","Worldwide"
" TOKYO DISNEYLAND AT TOKYO DISNEY RESORT"," TOKYO"," JAPAN","2020",41600000,"Amusement/Theme Park","Worldwide"
" TOKYO DISNEYLAND AT TOKYO DISNEY RESORT"," TOKYO"," JAPAN","2021",6.3e+07,"Amusement/Theme Park","Worldwide"
" TOKYO DISNEYLAND AT TOKYO DISNEY RESORT"," TOKYO"," JAPAN","2022",1.2e+08,"Amusement/Theme Park","Worldwide"
" TOKYO DISNEYSEA AT TOKYO DISNEY RESORT"," TOKYO"," JAPAN","2019",146500000,"Amusement/Theme Park","Worldwide"
" TOKYO DISNEYSEA AT TOKYO DISNEY RESORT"," TOKYO"," JAPAN","2020",3.4e+07,"Amusement/Theme Park","Worldwide"
" TOKYO DISNEYSEA AT TOKYO DISNEY RESORT"," TOKYO"," JAPAN","2021",5.8e+07,"Amusement/Theme Park","Worldwide"
" TOKYO DISNEYSEA AT TOKYO DISNEY RESORT"," TOKYO"," JAPAN","2022",1.01e+08,"Amusement/Theme Park","Worldwide"
" UNIVERSAL STUDIOS JAPAN"," OSAKA"," JAPAN","2019",1.45e+08,"Amusement/Theme Park","Worldwide"
" UNIVERSAL STUDIOS JAPAN"," OSAKA"," JAPAN","2020",49010000,"Amusement/Theme Park","Worldwide"
" UNIVERSAL STUDIOS JAPAN"," OSAKA"," JAPAN","2021",5.5e+07,"Amusement/Theme Park","Worldwide"
" UNIVERSAL STUDIOS JAPAN"," OSAKA"," JAPAN","2022",123500000,"Amusement/Theme Park","Worldwide"
" DISNEY'S ANIMAL KINGDOM AT WALT DISNEY WORLD"," LAKE BUENA VISTA"," U.S.","2019",138880000,"Amusement/Theme Park","Worldwide"
" DISNEY'S ANIMAL KINGDOM AT WALT DISNEY WORLD"," LAKE BUENA VISTA"," U.S.","2020",41660000,"Amusement/Theme Park","Worldwide"
" DISNEY'S ANIMAL KINGDOM AT WALT DISNEY WORLD"," LAKE BUENA VISTA"," U.S.","2021",71940000,"Amusement/Theme Park","Worldwide"
" DISNEY'S ANIMAL KINGDOM AT WALT DISNEY WORLD"," LAKE BUENA VISTA"," U.S.","2022",90270000,"Amusement/Theme Park","Worldwide"
" EPCOT AT WALT DISNEY WORLD"," LAKE BUENA VISTA"," U.S.","2019",124440000,"Amusement/Theme Park","Worldwide"
" EPCOT AT WALT DISNEY WORLD"," LAKE BUENA VISTA"," U.S.","2020",40440000,"Amusement/Theme Park","Worldwide"
" EPCOT AT WALT DISNEY WORLD"," LAKE BUENA VISTA"," U.S.","2021",77520000,"Amusement/Theme Park","Worldwide"
" EPCOT AT WALT DISNEY WORLD"," LAKE BUENA VISTA"," U.S.","2022",1e+08,"Amusement/Theme Park","Worldwide"
" CHIMELONG OCEAN KINGDOM"," HENGQIN"," CHINA","2019",117360000,"Amusement/Theme Park","Worldwide"
" CHIMELONG OCEAN KINGDOM"," HENGQIN"," CHINA","2020",47970000,"Amusement/Theme Park","Worldwide"
" CHIMELONG OCEAN KINGDOM"," HENGQIN"," CHINA","2021",74520000,"Amusement/Theme Park","Worldwide"
" CHIMELONG OCEAN KINGDOM"," HENGQIN"," CHINA","2022",4.4e+07,"Amusement/Theme Park","Worldwide"
" DISNEY'S HOLLYWOOD STUDIOS AT WALT DISNEY WORLD"," LAKE BUENA VISTA"," U.S.","2019",114830000,"Amusement/Theme Park","Worldwide"
" DISNEY'S HOLLYWOOD STUDIOS AT WALT DISNEY WORLD"," LAKE BUENA VISTA"," U.S.","2020",36750000,"Amusement/Theme Park","Worldwide"
" DISNEY'S HOLLYWOOD STUDIOS AT WALT DISNEY WORLD"," LAKE BUENA VISTA"," U.S.","2021",85890000,"Amusement/Theme Park","Worldwide"
" DISNEY'S HOLLYWOOD STUDIOS AT WALT DISNEY WORLD"," LAKE BUENA VISTA"," U.S.","2022",1.09e+08,"Amusement/Theme Park","Worldwide"
" SHANGHAI DISNEYLAND AT SHANGHAI DISNEY RESORT"," SHANGHAI"," CHINA","2019",112100000,"Amusement/Theme Park","Worldwide"
" SHANGHAI DISNEYLAND AT SHANGHAI DISNEY RESORT"," SHANGHAI"," CHINA","2020",5.5e+07,"Amusement/Theme Park","Worldwide"
" SHANGHAI DISNEYLAND AT SHANGHAI DISNEY RESORT"," SHANGHAI"," CHINA","2021",84800000,"Amusement/Theme Park","Worldwide"
" SHANGHAI DISNEYLAND AT SHANGHAI DISNEY RESORT"," SHANGHAI"," CHINA","2022",5.3e+07,"Amusement/Theme Park","Worldwide"
" UNIVERSAL STUDIOS FLORIDA AT UNIVERSAL ORLANDO"," FL"," U.S.","2019",109220000,"Amusement/Theme Park","Worldwide"
" UNIVERSAL STUDIOS FLORIDA AT UNIVERSAL ORLANDO"," FL"," U.S.","2020",40960000,"Amusement/Theme Park","Worldwide"
" UNIVERSAL STUDIOS FLORIDA AT UNIVERSAL ORLANDO"," FL"," U.S.","2021",89870000,"Amusement/Theme Park","Worldwide"
" UNIVERSAL STUDIOS FLORIDA AT UNIVERSAL ORLANDO"," FL"," U.S.","2022",107500000,"Amusement/Theme Park","Worldwide"
" UNIVERSAL'S ISLANDS OF ADVENTURE AT UNIVERSAL ORLANDO"," ORLANDO"," U.S.","2019",103750000,"Amusement/Theme Park","Worldwide"
" UNIVERSAL'S ISLANDS OF ADVENTURE AT UNIVERSAL ORLANDO"," ORLANDO"," U.S.","2020",40050000,"Amusement/Theme Park","Worldwide"
" UNIVERSAL'S ISLANDS OF ADVENTURE AT UNIVERSAL ORLANDO"," ORLANDO"," U.S.","2021",90770000,"Amusement/Theme Park","Worldwide"
" UNIVERSAL'S ISLANDS OF ADVENTURE AT UNIVERSAL ORLANDO"," ORLANDO"," U.S.","2022",110250000,"Amusement/Theme Park","Worldwide"
" DISNEYCALIFORNIA ADVENTURE PARK AT DISNEYLAND RESORT"," ANAHEIM"," U.S.","2019",98610000,"Amusement/Theme Park","Worldwide"
" DISNEYCALIFORNIA ADVENTURE PARK AT DISNEYLAND RESORT"," ANAHEIM"," U.S.","2020",19190000,"Amusement/Theme Park","Worldwide"
" DISNEYCALIFORNIA ADVENTURE PARK AT DISNEYLAND RESORT"," ANAHEIM"," U.S.","2021",49770000,"Amusement/Theme Park","Worldwide"
" DISNEYCALIFORNIA ADVENTURE PARK AT DISNEYLAND RESORT"," ANAHEIM"," U.S.","2022",9e+07,"Amusement/Theme Park","Worldwide"
" DISNEYLAND PARK AT DISNEYLAND PARIS"," MARNE-LA-VALLEE"," FRANCE","2019",97450000,"Amusement/Theme Park","Worldwide"
" DISNEYLAND PARK AT DISNEYLAND PARIS"," MARNE-LA-VALLEE"," FRANCE","2020",26200000,"Amusement/Theme Park","Worldwide"
" DISNEYLAND PARK AT DISNEYLAND PARIS"," MARNE-LA-VALLEE"," FRANCE","2021",3.5e+07,"Amusement/Theme Park","Worldwide"
" DISNEYLAND PARK AT DISNEYLAND PARIS"," MARNE-LA-VALLEE"," FRANCE","2022",99300000,"Amusement/Theme Park","Worldwide"
" UNIVERSAL STUDIOS HOLLYWOOD"," UNIVERSAL CITY"," U.S.","2019",91470000,"Amusement/Theme Park","Worldwide"
" UNIVERSAL STUDIOS HOLLYWOOD"," UNIVERSAL CITY"," U.S.","2020",12990000,"Amusement/Theme Park","Worldwide"
" UNIVERSAL STUDIOS HOLLYWOOD"," UNIVERSAL CITY"," U.S.","2021",55050000,"Amusement/Theme Park","Worldwide"
" UNIVERSAL STUDIOS HOLLYWOOD"," UNIVERSAL CITY"," U.S.","2022",8.4e+07,"Amusement/Theme Park","Worldwide"
" EVERLAND"," GYEONGGI-DO"," SOUTH KOREA","2019",66060000,"Amusement/Theme Park","Worldwide"
" EVERLAND"," GYEONGGI-DO"," SOUTH KOREA","2020",27600000,"Amusement/Theme Park","Worldwide"
" EVERLAND"," GYEONGGI-DO"," SOUTH KOREA","2021",37100000,"Amusement/Theme Park","Worldwide"
" EVERLAND"," GYEONGGI-DO"," SOUTH KOREA","2022",57700000,"Amusement/Theme Park","Worldwide"
" LOTTE WORLD"," SEOUL"," SOUTH KOREA","2019",59530000,"Amusement/Theme Park","Worldwide"
" LOTTE WORLD"," SEOUL"," SOUTH KOREA","2020",15600000,"Amusement/Theme Park","Worldwide"
" LOTTE WORLD"," SEOUL"," SOUTH KOREA","2021",24600000,"Amusement/Theme Park","Worldwide"
" LOTTE WORLD"," SEOUL"," SOUTH KOREA","2022",45200000,"Amusement/Theme Park","Worldwide"
" NAGASHIMA SPA LAND"," KUWANA"," JAPAN","2019",59500000,"Amusement/Theme Park","Worldwide"
" NAGASHIMA SPA LAND"," KUWANA"," JAPAN","2020",2.4e+07,"Amusement/Theme Park","Worldwide"
" NAGASHIMA SPA LAND"," KUWANA"," JAPAN","2021",3.6e+07,"Amusement/Theme Park","Worldwide"
" NAGASHIMA SPA LAND"," KUWANA"," JAPAN","2022",4.2e+07,"Amusement/Theme Park","Worldwide"
" EUROPA-PARK"," RUST"," GERMANY","2019",57500000,"Amusement/Theme Park","Worldwide"
" EUROPA-PARK"," RUST"," GERMANY","2020",2.5e+07,"Amusement/Theme Park","Worldwide"
" EUROPA-PARK"," RUST"," GERMANY","2021",3e+07,"Amusement/Theme Park","Worldwide"
" EUROPA-PARK"," RUST"," GERMANY","2022",6e+07,"Amusement/Theme Park","Worldwide"
" OCEAN PARK"," HONG KONG"," SAR","2019",5.7e+07,"Amusement/Theme Park","Worldwide"
" OCEAN PARK"," HONG KONG"," SAR","2020",2.2e+07,"Amusement/Theme Park","Worldwide"
" OCEAN PARK"," HONG KONG"," SAR","2021",1.4e+07,"Amusement/Theme Park","Worldwide"
" OCEAN PARK"," HONG KONG"," SAR","2022",1.4e+07,"Amusement/Theme Park","Worldwide"
" HONG KONG DISNEYLAND"," HONG KONG"," SAR","2019",56950000,"Amusement/Theme Park","Worldwide"
" HONG KONG DISNEYLAND"," HONG KONG"," SAR","2020",1.7e+07,"Amusement/Theme Park","Worldwide"
" HONG KONG DISNEYLAND"," HONG KONG"," SAR","2021",2.8e+07,"Amusement/Theme Park","Worldwide"
" HONG KONG DISNEYLAND"," HONG KONG"," SAR","2022",3.4e+07,"Amusement/Theme Park","Worldwide"
" DE EFTELING EFTELING THEME PARK RESORT"," KAATSHEUVEL"," NETHERLANDS","2019",52600000,"Amusement/Theme Park","Worldwide"
" DE EFTELING EFTELING THEME PARK RESORT"," KAATSHEUVEL"," NETHERLANDS","2020",2.9e+07,"Amusement/Theme Park","Worldwide"
" DE EFTELING EFTELING THEME PARK RESORT"," KAATSHEUVEL"," NETHERLANDS","2021",3.3e+07,"Amusement/Theme Park","Worldwide"
" DE EFTELING EFTELING THEME PARK RESORT"," KAATSHEUVEL"," NETHERLANDS","2022",54300000,"Amusement/Theme Park","Worldwide"
" WALT DISNEY STUDIOS PARK AT DISNEYLAND PARIS"," MARNE-LA-VALLEE"," FRANCE","2019",52450000,"Amusement/Theme Park","Worldwide"
" WALT DISNEY STUDIOS PARK AT DISNEYLAND PARIS"," MARNE-LA-VALLEE"," FRANCE","2020",14100000,"Amusement/Theme Park","Worldwide"
" WALT DISNEY STUDIOS PARK AT DISNEYLAND PARIS"," MARNE-LA-VALLEE"," FRANCE","2021",18840000,"Amusement/Theme Park","Worldwide"
" WALT DISNEY STUDIOS PARK AT DISNEYLAND PARIS"," MARNE-LA-VALLEE"," FRANCE","2022",53400000,"Amusement/Theme Park","Worldwide"
" OCT HAPPY VALLEY"," BEIJING"," CHINA","2019",51600000,"Amusement/Theme Park","Worldwide"
" OCT HAPPY VALLEY"," BEIJING"," CHINA","2020",39500000,"Amusement/Theme Park","Worldwide"
" OCT HAPPY VALLEY"," BEIJING"," CHINA","2021",49300000,"Amusement/Theme Park","Worldwide"
" OCT HAPPY VALLEY"," BEIJING"," CHINA","2022",37400000,"Amusement/Theme Park","Worldwide"
" CHIMELONG PARADISE"," GUANGZHOU"," CHINA","2019",49050000,"Amusement/Theme Park","Worldwide"
" CHIMELONG PARADISE"," GUANGZHOU"," CHINA","2020",26810000,"Amusement/Theme Park","Worldwide"
" CHIMELONG PARADISE"," GUANGZHOU"," CHINA","2021",38900000,"Amusement/Theme Park","Worldwide"
" CHIMELONG PARADISE"," GUANGZHOU"," CHINA","2022",2.3e+07,"Amusement/Theme Park","Worldwide"
" MAGIC KINGDOM THEME PARK AT WALT DISNEY WORLD"," LAKE BUENA VISTA"," U.S.","2019",209630000,"Amusement/Theme Park","North America"
" MAGIC KINGDOM THEME PARK AT WALT DISNEY WORLD"," LAKE BUENA VISTA"," U.S.","2020",69410000,"Amusement/Theme Park","North America"
" MAGIC KINGDOM THEME PARK AT WALT DISNEY WORLD"," LAKE BUENA VISTA"," U.S.","2021",126910000,"Amusement/Theme Park","North America"
" MAGIC KINGDOM THEME PARK AT WALT DISNEY WORLD"," LAKE BUENA VISTA"," U.S.","2022",171330000,"Amusement/Theme Park","North America"
" DISNEYLAND PARK AT DISNEYLAND RESORT"," ANAHEIM"," U.S.","2019",186660000,"Amusement/Theme Park","North America"
" DISNEYLAND PARK AT DISNEYLAND RESORT"," ANAHEIM"," U.S.","2020",36740000,"Amusement/Theme Park","North America"
" DISNEYLAND PARK AT DISNEYLAND RESORT"," ANAHEIM"," U.S.","2021",85730000,"Amusement/Theme Park","North America"
" DISNEYLAND PARK AT DISNEYLAND RESORT"," ANAHEIM"," U.S.","2022",168810000,"Amusement/Theme Park","North America"
" DISNEY'S ANIMAL KINGDOM AT WALT DISNEY WORLD"," LAKE BUENA VISTA"," U.S.","2019",138880000,"Amusement/Theme Park","North America"
" DISNEY'S ANIMAL KINGDOM AT WALT DISNEY WORLD"," LAKE BUENA VISTA"," U.S.","2020",41660000,"Amusement/Theme Park","North America"
" DISNEY'S ANIMAL KINGDOM AT WALT DISNEY WORLD"," LAKE BUENA VISTA"," U.S.","2021",71940000,"Amusement/Theme Park","North America"
" DISNEY'S ANIMAL KINGDOM AT WALT DISNEY WORLD"," LAKE BUENA VISTA"," U.S.","2022",90270000,"Amusement/Theme Park","North America"
" EPCOT AT WALT DISNEY WORLD"," LAKE BUENA VISTA"," U.S.","2019",124440000,"Amusement/Theme Park","North America"
" EPCOT AT WALT DISNEY WORLD"," LAKE BUENA VISTA"," U.S.","2020",40440000,"Amusement/Theme Park","North America"
" EPCOT AT WALT DISNEY WORLD"," LAKE BUENA VISTA"," U.S.","2021",77520000,"Amusement/Theme Park","North America"
" EPCOT AT WALT DISNEY WORLD"," LAKE BUENA VISTA"," U.S.","2022",1e+08,"Amusement/Theme Park","North America"
" DISNEY'S HOLLYWOOD STUDIOS AT WALT DISNEY WORLD"," LAKE BUENA VISTA"," U.S.","2019",114830000,"Amusement/Theme Park","North America"
" DISNEY'S HOLLYWOOD STUDIOS AT WALT DISNEY WORLD"," LAKE BUENA VISTA"," U.S.","2020",36750000,"Amusement/Theme Park","North America"
" DISNEY'S HOLLYWOOD STUDIOS AT WALT DISNEY WORLD"," LAKE BUENA VISTA"," U.S.","2021",85890000,"Amusement/Theme Park","North America"
" DISNEY'S HOLLYWOOD STUDIOS AT WALT DISNEY WORLD"," LAKE BUENA VISTA"," U.S.","2022",1.09e+08,"Amusement/Theme Park","North America"
" UNIVERSAL STUDIOS FLORIDA"," ORLANDO"," U.S.","2019",109220000,"Amusement/Theme Park","North America"
" UNIVERSAL STUDIOS FLORIDA"," ORLANDO"," U.S.","2020",40960000,"Amusement/Theme Park","North America"
" UNIVERSAL STUDIOS FLORIDA"," ORLANDO"," U.S.","2021",89870000,"Amusement/Theme Park","North America"
" UNIVERSAL STUDIOS FLORIDA"," ORLANDO"," U.S.","2022",107500000,"Amusement/Theme Park","North America"
" UNIVERSAL'S ISLANDS OF ADVENTURE"," ORLANDO"," U.S.","2019",103750000,"Amusement/Theme Park","North America"
" UNIVERSAL'S ISLANDS OF ADVENTURE"," ORLANDO"," U.S.","2020",40050000,"Amusement/Theme Park","North America"
" UNIVERSAL'S ISLANDS OF ADVENTURE"," ORLANDO"," U.S.","2021",90770000,"Amusement/Theme Park","North America"
" UNIVERSAL'S ISLANDS OF ADVENTURE"," ORLANDO"," U.S.","2022",110250000,"Amusement/Theme Park","North America"
" DISNEY CALIFORNIA ADVENTURE PARK AT DISNEYLAND RESORT"," ANAHEIM"," U.S.","2019",98610000,"Amusement/Theme Park","North America"
" DISNEY CALIFORNIA ADVENTURE PARK AT DISNEYLAND RESORT"," ANAHEIM"," U.S.","2020",19190000,"Amusement/Theme Park","North America"
" DISNEY CALIFORNIA ADVENTURE PARK AT DISNEYLAND RESORT"," ANAHEIM"," U.S.","2021",49770000,"Amusement/Theme Park","North America"
" DISNEY CALIFORNIA ADVENTURE PARK AT DISNEYLAND RESORT"," ANAHEIM"," U.S.","2022",9e+07,"Amusement/Theme Park","North America"
" UNIVERSAL STUDIOS HOLLYWOOD"," UNIVERSAL CITY"," U.S.","2019",91470000,"Amusement/Theme Park","North America"
" UNIVERSAL STUDIOS HOLLYWOOD"," UNIVERSAL CITY"," U.S.","2020",12990000,"Amusement/Theme Park","North America"
" UNIVERSAL STUDIOS HOLLYWOOD"," UNIVERSAL CITY"," U.S.","2021",55050000,"Amusement/Theme Park","North America"
" UNIVERSAL STUDIOS HOLLYWOOD"," UNIVERSAL CITY"," U.S.","2022",8.4e+07,"Amusement/Theme Park","North America"
" SEAWORLD ORLANDO"," ORLANDO"," U.S.","2019",46400000,"Amusement/Theme Park","North America"
" SEAWORLD ORLANDO"," ORLANDO"," U.S.","2020",15980000,"Amusement/Theme Park","North America"
" SEAWORLD ORLANDO"," ORLANDO"," U.S.","2021",30510000,"Amusement/Theme Park","North America"
" SEAWORLD ORLANDO"," ORLANDO"," U.S.","2022",44540000,"Amusement/Theme Park","North America"
" KNOTT'S BERRY FARM"," BUENA PARK"," U.S.","2019",42380000,"Amusement/Theme Park","North America"
" KNOTT'S BERRY FARM"," BUENA PARK"," U.S.","2020",8110000,"Amusement/Theme Park","North America"
" KNOTT'S BERRY FARM"," BUENA PARK"," U.S.","2021",36810000,"Amusement/Theme Park","North America"
" KNOTT'S BERRY FARM"," BUENA PARK"," U.S.","2022",38990000,"Amusement/Theme Park","North America"
" BUSCH GARDENS TAMPA BAY"," TAMPA"," U.S.","2019",41800000,"Amusement/Theme Park","North America"
" BUSCH GARDENS TAMPA BAY"," TAMPA"," U.S.","2020",12880000,"Amusement/Theme Park","North America"
" BUSCH GARDENS TAMPA BAY"," TAMPA"," U.S.","2021",32100000,"Amusement/Theme Park","North America"
" BUSCH GARDENS TAMPA BAY"," TAMPA"," U.S.","2022",40510000,"Amusement/Theme Park","North America"
" CANADA'S WONDERLAND"," MAPLE"," CANADA","2019",39500000,"Amusement/Theme Park","North America"
" CANADA'S WONDERLAND"," MAPLE"," CANADA","2020",0,"Amusement/Theme Park","North America"
" CANADA'S WONDERLAND"," MAPLE"," CANADA","2021",5870000,"Amusement/Theme Park","North America"
" CANADA'S WONDERLAND"," MAPLE"," CANADA","2022",37680000,"Amusement/Theme Park","North America"
" SEAWORLD SAN DIEGO"," SAN DIEGO"," U.S.","2019",37310000,"Amusement/Theme Park","North America"
" SEAWORLD SAN DIEGO"," SAN DIEGO"," U.S.","2020",11390000,"Amusement/Theme Park","North America"
" SEAWORLD SAN DIEGO"," SAN DIEGO"," U.S.","2021",2.8e+07,"Amusement/Theme Park","North America"
" SEAWORLD SAN DIEGO"," SAN DIEGO"," U.S.","2022",35070000,"Amusement/Theme Park","North America"
" CEDAR POINT"," SANDUSKY"," U.S.","2019",36100000,"Amusement/Theme Park","North America"
" CEDAR POINT"," SANDUSKY"," U.S.","2020",10200000,"Amusement/Theme Park","North America"
" CEDAR POINT"," SANDUSKY"," U.S.","2021",33270000,"Amusement/Theme Park","North America"
" CEDAR POINT"," SANDUSKY"," U.S.","2022",34440000,"Amusement/Theme Park","North America"
" SIX FLAGS MAGIC MOUNTAIN"," VALENCIA"," U.S.","2019",35210000,"Amusement/Theme Park","North America"
" SIX FLAGS MAGIC MOUNTAIN"," VALENCIA"," U.S.","2020",6860000,"Amusement/Theme Park","North America"
" SIX FLAGS MAGIC MOUNTAIN"," VALENCIA"," U.S.","2021",30470000,"Amusement/Theme Park","North America"
" SIX FLAGS MAGIC MOUNTAIN"," VALENCIA"," U.S.","2022",29930000,"Amusement/Theme Park","North America"
" KINGS ISLAND"," KINGS ISLAND"," U.S.","2019",34850000,"Amusement/Theme Park","North America"
" KINGS ISLAND"," KINGS ISLAND"," U.S.","2020",16260000,"Amusement/Theme Park","North America"
" KINGS ISLAND"," KINGS ISLAND"," U.S.","2021",31810000,"Amusement/Theme Park","North America"
" KINGS ISLAND"," KINGS ISLAND"," U.S.","2022",33400000,"Amusement/Theme Park","North America"
" SIX FLAGS GREAT ADVENTURE"," JACKSON"," U.S.","2019",34510000,"Amusement/Theme Park","North America"
" SIX FLAGS GREAT ADVENTURE"," JACKSON"," U.S.","2020",5980000,"Amusement/Theme Park","North America"
" SIX FLAGS GREAT ADVENTURE"," JACKSON"," U.S.","2021",29130000,"Amusement/Theme Park","North America"
" SIX FLAGS GREAT ADVENTURE"," JACKSON"," U.S.","2022",21530000,"Amusement/Theme Park","North America"
" HERSHEYPARK"," HERSHEY"," U.S.","2019",33840000,"Amusement/Theme Park","North America"
" HERSHEYPARK"," HERSHEY"," U.S.","2020",17170000,"Amusement/Theme Park","North America"
" HERSHEYPARK"," HERSHEY"," U.S.","2021",30120000,"Amusement/Theme Park","North America"
" HERSHEYPARK"," HERSHEY"," U.S.","2022",31930000,"Amusement/Theme Park","North America"
" SIX FLAGS GREAT AMERICA"," GURNEE"," U.S.","2019",31690000,"Amusement/Theme Park","North America"
" SIX FLAGS GREAT AMERICA"," GURNEE"," U.S.","2020",0,"Amusement/Theme Park","North America"
" SIX FLAGS GREAT AMERICA"," GURNEE"," U.S.","2021",26750000,"Amusement/Theme Park","North America"
" SIX FLAGS GREAT AMERICA"," GURNEE"," U.S.","2022",25350000,"Amusement/Theme Park","North America"
"SIX FLAGS MEXICO"," MEXICO CITY"," MEXICO","2019",28030000,"Amusement/Theme Park","Latin America"
"SIX FLAGS MEXICO"," MEXICO CITY"," MEXICO","2020",7010000,"Amusement/Theme Park","Latin America"
"SIX FLAGS MEXICO"," MEXICO CITY"," MEXICO","2021",11250000,"Amusement/Theme Park","Latin America"
"SIX FLAGS MEXICO"," MEXICO CITY"," MEXICO","2022",17270000,"Amusement/Theme Park","Latin America"
"BETO CARRERO WORLD"," SANTA CATARINA"," BRAZIL","2019",22410000,"Amusement/Theme Park","Latin America"
"BETO CARRERO WORLD"," SANTA CATARINA"," BRAZIL","2020",12520000,"Amusement/Theme Park","Latin America"
"BETO CARRERO WORLD"," SANTA CATARINA"," BRAZIL","2021",18950000,"Amusement/Theme Park","Latin America"
"BETO CARRERO WORLD"," SANTA CATARINA"," BRAZIL","2022",23270000,"Amusement/Theme Park","Latin America"
"PARQUE XCARET"," CANCUN"," MEXICO","2019",19600000,"Amusement/Theme Park","Latin America"
"PARQUE XCARET"," CANCUN"," MEXICO","2020",7360000,"Amusement/Theme Park","Latin America"
"PARQUE XCARET"," CANCUN"," MEXICO","2021",11040000,"Amusement/Theme Park","Latin America"
"PARQUE XCARET"," CANCUN"," MEXICO","2022",13990000,"Amusement/Theme Park","Latin America"
"MUNDO PETAPA"," GUATEMALA CITY"," GUATEMALA","2019",13300000,"Amusement/Theme Park","Latin America"
"MUNDO PETAPA"," GUATEMALA CITY"," GUATEMALA","2020",2680000,"Amusement/Theme Park","Latin America"
"MUNDO PETAPA"," GUATEMALA CITY"," GUATEMALA","2021",4020000,"Amusement/Theme Park","Latin America"
"MUNDO PETAPA"," GUATEMALA CITY"," GUATEMALA","2022",8e+06,"Amusement/Theme Park","Latin America"
"LA FERIA DE CHAPULTEPEC"," MEXICO CITY"," MEXICO","2019",13060000,"Amusement/Theme Park","Latin America"
"LA FERIA DE CHAPULTEPEC"," MEXICO CITY"," MEXICO","2020",0,"Amusement/Theme Park","Latin America"
"LA FERIA DE CHAPULTEPEC"," MEXICO CITY"," MEXICO","2021",0,"Amusement/Theme Park","Latin America"
"LA FERIA DE CHAPULTEPEC"," MEXICO CITY"," MEXICO","2022",0,"Amusement/Theme Park","Latin America"
"PLAZA DE SESAMO"," MONTERREY"," MEXICO","2019",11730000,"Amusement/Theme Park","Latin America"
"PLAZA DE SESAMO"," MONTERREY"," MEXICO","2020",0,"Amusement/Theme Park","Latin America"
"PLAZA DE SESAMO"," MONTERREY"," MEXICO","2021",0,"Amusement/Theme Park","Latin America"
"PLAZA DE SESAMO"," MONTERREY"," MEXICO","2022",0,"Amusement/Theme Park","Latin America"
"PARQUE MUNDO AVENTURA"," BOGOTÁ"," COLOMBIA","2019",11510000,"Amusement/Theme Park","Latin America"
"PARQUE MUNDO AVENTURA"," BOGOTÁ"," COLOMBIA","2020",3440000,"Amusement/Theme Park","Latin America"
"PARQUE MUNDO AVENTURA"," BOGOTÁ"," COLOMBIA","2021",6310000,"Amusement/Theme Park","Latin America"
"PARQUE MUNDO AVENTURA"," BOGOTÁ"," COLOMBIA","2022",7520000,"Amusement/Theme Park","Latin America"
"FANTASIALANDIA"," SANTIAGO"," CHILE","2019",1.1e+07,"Amusement/Theme Park","Latin America"
"FANTASIALANDIA"," SANTIAGO"," CHILE","2020",4300000,"Amusement/Theme Park","Latin America"
"FANTASIALANDIA"," SANTIAGO"," CHILE","2021",6150000,"Amusement/Theme Park","Latin America"
"FANTASIALANDIA"," SANTIAGO"," CHILE","2022",8500000,"Amusement/Theme Park","Latin America"
"THEME PARQUE NACIONAL DEL CAFÉ"," QUINDIO"," COLOMBIA","2019",10430000,"Amusement/Theme Park","Latin America"
"THEME PARQUE NACIONAL DEL CAFÉ"," QUINDIO"," COLOMBIA","2020",3210000,"Amusement/Theme Park","Latin America"
"THEME PARQUE NACIONAL DEL CAFÉ"," QUINDIO"," COLOMBIA","2021",4820000,"Amusement/Theme Park","Latin America"
"THEME PARQUE NACIONAL DEL CAFÉ"," QUINDIO"," COLOMBIA","2022",6260000,"Amusement/Theme Park","Latin America"
"PARQUE DE LA COSTA"," BUENOS AIRES"," ARGENTINA","2019",9680000,"Amusement/Theme Park","Latin America"
"PARQUE DE LA COSTA"," BUENOS AIRES"," ARGENTINA","2020",2630000,"Amusement/Theme Park","Latin America"
"PARQUE DE LA COSTA"," BUENOS AIRES"," ARGENTINA","2021",3950000,"Amusement/Theme Park","Latin America"
"PARQUE DE LA COSTA"," BUENOS AIRES"," ARGENTINA","2022",5140000,"Amusement/Theme Park","Latin America"
" TOKYO DISNEYLAND AT TOKYO DISNEY RESORT"," TOKYO"," JAPAN","2019",179100000,"Amusement/Theme Park","Asia Pacific"
" TOKYO DISNEYLAND AT TOKYO DISNEY RESORT"," TOKYO"," JAPAN","2020",41600000,"Amusement/Theme Park","Asia Pacific"
" TOKYO DISNEYLAND AT TOKYO DISNEY RESORT"," TOKYO"," JAPAN","2021",6.3e+07,"Amusement/Theme Park","Asia Pacific"
" TOKYO DISNEYSEA AT TOKYO DISNEY RESORT"," TOKYO"," JAPAN","2019",146500000,"Amusement/Theme Park","Asia Pacific"
" TOKYO DISNEYSEA AT TOKYO DISNEY RESORT"," TOKYO"," JAPAN","2020",3.4e+07,"Amusement/Theme Park","Asia Pacific"
" TOKYO DISNEYSEA AT TOKYO DISNEY RESORT"," TOKYO"," JAPAN","2021",5.8e+07,"Amusement/Theme Park","Asia Pacific"
" UNIVERSAL STUDIOS JAPAN"," OSAKA"," JAPAN","2019",1.45e+08,"Amusement/Theme Park","Asia Pacific"
" UNIVERSAL STUDIOS JAPAN"," OSAKA"," JAPAN","2020",49010000,"Amusement/Theme Park","Asia Pacific"
" UNIVERSAL STUDIOS JAPAN"," OSAKA"," JAPAN","2021",5.5e+07,"Amusement/Theme Park","Asia Pacific"
" CHIMELONG OCEAN KINGDOM"," HENGQIN"," CHINA","2019",117360000,"Amusement/Theme Park","Asia Pacific"
" CHIMELONG OCEAN KINGDOM"," HENGQIN"," CHINA","2020",47970000,"Amusement/Theme Park","Asia Pacific"
" CHIMELONG OCEAN KINGDOM"," HENGQIN"," CHINA","2021",74520000,"Amusement/Theme Park","Asia Pacific"
" SHANGHAI DISNEYLAND AT SHANGHAI DISNEY RESORT"," SHANGHAI"," CHINA","2019",112100000,"Amusement/Theme Park","Asia Pacific"
" SHANGHAI DISNEYLAND AT SHANGHAI DISNEY RESORT"," SHANGHAI"," CHINA","2020",5.5e+07,"Amusement/Theme Park","Asia Pacific"
" SHANGHAI DISNEYLAND AT SHANGHAI DISNEY RESORT"," SHANGHAI"," CHINA","2021",84800000,"Amusement/Theme Park","Asia Pacific"
" EVERLAND"," SEOUL"," SOUTH KOREA","2019",66060000,"Amusement/Theme Park","Asia Pacific"
" EVERLAND"," SEOUL"," SOUTH KOREA","2020",27600000,"Amusement/Theme Park","Asia Pacific"
" EVERLAND"," SEOUL"," SOUTH KOREA","2021",37100000,"Amusement/Theme Park","Asia Pacific"
" LOTTE WORLD"," SEOUL"," SOUTH KOREA","2019",59530000,"Amusement/Theme Park","Asia Pacific"
" LOTTE WORLD"," SEOUL"," SOUTH KOREA","2020",15600000,"Amusement/Theme Park","Asia Pacific"
" LOTTE WORLD"," SEOUL"," SOUTH KOREA","2021",24600000,"Amusement/Theme Park","Asia Pacific"
" NAGASHIMA SPA LAND"," KUWANA"," JAPAN","2019",59500000,"Amusement/Theme Park","Asia Pacific"
" NAGASHIMA SPA LAND"," KUWANA"," JAPAN","2020",2.4e+07,"Amusement/Theme Park","Asia Pacific"
" NAGASHIMA SPA LAND"," KUWANA"," JAPAN","2021",3.6e+07,"Amusement/Theme Park","Asia Pacific"
" OCEAN PARK"," HONG KONG"," SAR","2019",5.7e+07,"Amusement/Theme Park","Asia Pacific"
" OCEAN PARK"," HONG KONG"," SAR","2020",2.2e+07,"Amusement/Theme Park","Asia Pacific"
" OCEAN PARK"," HONG KONG"," SAR","2021",1.4e+07,"Amusement/Theme Park","Asia Pacific"
" HONG KONG DISNEYLAND"," HONG KONG"," SAR","2019",56950000,"Amusement/Theme Park","Asia Pacific"
" HONG KONG DISNEYLAND"," HONG KONG"," SAR","2020",1.7e+07,"Amusement/Theme Park","Asia Pacific"
" HONG KONG DISNEYLAND"," HONG KONG"," SAR","2021",2.8e+07,"Amusement/Theme Park","Asia Pacific"
" OCT HAPPY VALLEY"," BEIJING"," CHINA","2019",51600000,"Amusement/Theme Park","Asia Pacific"
" OCT HAPPY VALLEY"," BEIJING"," CHINA","2020",39500000,"Amusement/Theme Park","Asia Pacific"
" OCT HAPPY VALLEY"," BEIJING"," CHINA","2021",49300000,"Amusement/Theme Park","Asia Pacific"
" CHIMELONG PARADISE"," GUANGZHOU"," CHINA","2019",49050000,"Amusement/Theme Park","Asia Pacific"
" CHIMELONG PARADISE"," GUANGZHOU"," CHINA","2020",26810000,"Amusement/Theme Park","Asia Pacific"
" CHIMELONG PARADISE"," GUANGZHOU"," CHINA","2021",38900000,"Amusement/Theme Park","Asia Pacific"
" UNIVERSAL STUDIOS SINGAPORE"," Sentosa"," SINGAPORE","2019",4.5e+07,"Amusement/Theme Park","Asia Pacific"
" UNIVERSAL STUDIOS SINGAPORE"," Sentosa"," SINGAPORE","2020",10980000,"Amusement/Theme Park","Asia Pacific"
" UNIVERSAL STUDIOS SINGAPORE"," Sentosa"," SINGAPORE","2021",1.2e+07,"Amusement/Theme Park","Asia Pacific"
" CHINA DINOSAUR PARK"," CHANGZHOU"," CHINA","2019",44340000,"Amusement/Theme Park","Asia Pacific"
" CHINA DINOSAUR PARK"," CHANGZHOU"," CHINA","2020",23750000,"Amusement/Theme Park","Asia Pacific"
" CHINA DINOSAUR PARK"," CHANGZHOU"," CHINA","2021",2.5e+07,"Amusement/Theme Park","Asia Pacific"
" OCT WINDOW OF THE WORLD"," SHENZHEN"," CHINA","2019",39900000,"Amusement/Theme Park","Asia Pacific"
" OCT WINDOW OF THE WORLD"," SHENZHEN"," CHINA","2020",18900000,"Amusement/Theme Park","Asia Pacific"
" OCT WINDOW OF THE WORLD"," SHENZHEN"," CHINA","2021",2.4e+07,"Amusement/Theme Park","Asia Pacific"
" OCT HAPPY VALLEY"," SHENZHEN"," CHINA","2019",39800000,"Amusement/Theme Park","Asia Pacific"
" OCT HAPPY VALLEY"," SHENZHEN"," CHINA","2020",31200000,"Amusement/Theme Park","Asia Pacific"
" OCT HAPPY VALLEY"," SHENZHEN"," CHINA","2021",33100000,"Amusement/Theme Park","Asia Pacific"
" ZHENGZHOU FANTAWILD ADVENTURE"," ZHENGZHOU"," CHINA","2019",38400000,"Amusement/Theme Park","Asia Pacific"
" ZHENGZHOU FANTAWILD ADVENTURE"," ZHENGZHOU"," CHINA","2020",34210000,"Amusement/Theme Park","Asia Pacific"
" ZHENGZHOU FANTAWILD ADVENTURE"," ZHENGZHOU"," CHINA","2021",27520000,"Amusement/Theme Park","Asia Pacific"
" OCT HAPPY VALLEY"," CHENGDU"," CHINA","2019",35800000,"Amusement/Theme Park","Asia Pacific"
" OCT HAPPY VALLEY"," CHENGDU"," CHINA","2020",26200000,"Amusement/Theme Park","Asia Pacific"
" OCT HAPPY VALLEY"," CHENGDU"," CHINA","2021",29400000,"Amusement/Theme Park","Asia Pacific"
" NINGBO FANTAWILD ORIENTAL HERITAGE"," NINGBO"," CHINA","2019",35750000,"Amusement/Theme Park","Asia Pacific"
" NINGBO FANTAWILD ORIENTAL HERITAGE"," NINGBO"," CHINA","2020",22570000,"Amusement/Theme Park","Asia Pacific"
" NINGBO FANTAWILD ORIENTAL HERITAGE"," NINGBO"," CHINA","2021",23080000,"Amusement/Theme Park","Asia Pacific"
" OCT HAPPY VALLEY"," SHANGHAI"," CHINA","2019",33900000,"Amusement/Theme Park","Asia Pacific"
" OCT HAPPY VALLEY"," SHANGHAI"," CHINA","2020",27300000,"Amusement/Theme Park","Asia Pacific"
" OCT HAPPY VALLEY"," SHANGHAI"," CHINA","2021",3.3e+07,"Amusement/Theme Park","Asia Pacific"
"DISNEYLAND PARK AT DISNEYLAND PARIS"," MARNE-LA-VALLEE"," FRANCE","2019",97450000,"Amusement/Theme Park","EMEA"
"DISNEYLAND PARK AT DISNEYLAND PARIS"," MARNE-LA-VALLEE"," FRANCE","2020",26200000,"Amusement/Theme Park","EMEA"
"DISNEYLAND PARK AT DISNEYLAND PARIS"," MARNE-LA-VALLEE"," FRANCE","2021",3.5e+07,"Amusement/Theme Park","EMEA"
"DISNEYLAND PARK AT DISNEYLAND PARIS"," MARNE-LA-VALLEE"," FRANCE","2022",99300000,"Amusement/Theme Park","EMEA"
"EUROPA-PARK"," RUST"," GERMANY","2019",57500000,"Amusement/Theme Park","EMEA"
"EUROPA-PARK"," RUST"," GERMANY","2020",2.5e+07,"Amusement/Theme Park","EMEA"
"EUROPA-PARK"," RUST"," GERMANY","2021",3e+07,"Amusement/Theme Park","EMEA"
"EUROPA-PARK"," RUST"," GERMANY","2022",5.4e+07,"Amusement/Theme Park","EMEA"
"DE EFTELING THEME PARK RESORT"," KAATSHEUVEL"," NETHERLANDS","2019",52600000,"Amusement/Theme Park","EMEA"
"DE EFTELING THEME PARK RESORT"," KAATSHEUVEL"," NETHERLANDS","2020",2.9e+07,"Amusement/Theme Park","EMEA"
"DE EFTELING THEME PARK RESORT"," KAATSHEUVEL"," NETHERLANDS","2021",3.3e+07,"Amusement/Theme Park","EMEA"
"DE EFTELING THEME PARK RESORT"," KAATSHEUVEL"," NETHERLANDS","2022",54300000,"Amusement/Theme Park","EMEA"
"WALT DISNEY STUDIOS PARK AT DISNEYLAND PARIS"," MARNE-LA-VALLEE"," FRANCE","2019",52450000,"Amusement/Theme Park","EMEA"
"WALT DISNEY STUDIOS PARK AT DISNEYLAND PARIS"," MARNE-LA-VALLEE"," FRANCE","2020",14100000,"Amusement/Theme Park","EMEA"
"WALT DISNEY STUDIOS PARK AT DISNEYLAND PARIS"," MARNE-LA-VALLEE"," FRANCE","2021",18840000,"Amusement/Theme Park","EMEA"
"WALT DISNEY STUDIOS PARK AT DISNEYLAND PARIS"," MARNE-LA-VALLEE"," FRANCE","2022",53400000,"Amusement/Theme Park","EMEA"
"TIVOLI GARDENS"," COPENHAGEN"," DENMARK","2019",45810000,"Amusement/Theme Park","EMEA"
"TIVOLI GARDENS"," COPENHAGEN"," DENMARK","2020",16280000,"Amusement/Theme Park","EMEA"
"TIVOLI GARDENS"," COPENHAGEN"," DENMARK","2021",2.4e+07,"Amusement/Theme Park","EMEA"
"TIVOLI GARDENS"," COPENHAGEN"," DENMARK","2022",38640000,"Amusement/Theme Park","EMEA"
"PORTAVENTURA WORLD"," SALOU"," SPAIN","2019",37500000,"Amusement/Theme Park","EMEA"
"PORTAVENTURA WORLD"," SALOU"," SPAIN","2020",7e+06,"Amusement/Theme Park","EMEA"
"PORTAVENTURA WORLD"," SALOU"," SPAIN","2021",2.4e+07,"Amusement/Theme Park","EMEA"
"PORTAVENTURA WORLD"," SALOU"," SPAIN","2022",37500000,"Amusement/Theme Park","EMEA"
"LISEBERG"," GOTHENBURG"," SWEDEN","2019",29500000,"Amusement/Theme Park","EMEA"
"LISEBERG"," GOTHENBURG"," SWEDEN","2020",0,"Amusement/Theme Park","EMEA"
"LISEBERG"," GOTHENBURG"," SWEDEN","2021",14470000,"Amusement/Theme Park","EMEA"
"LISEBERG"," GOTHENBURG"," SWEDEN","2022",2.5e+07,"Amusement/Theme Park","EMEA"
"GARDALAND"," CASTELNUOVO DEL GARDA"," ITALY","2019",29200000,"Amusement/Theme Park","EMEA"
"GARDALAND"," CASTELNUOVO DEL GARDA"," ITALY","2020",13500000,"Amusement/Theme Park","EMEA"
"GARDALAND"," CASTELNUOVO DEL GARDA"," ITALY","2021",2.2e+07,"Amusement/Theme Park","EMEA"
"GARDALAND"," CASTELNUOVO DEL GARDA"," ITALY","2022",29500000,"Amusement/Theme Park","EMEA"
"LEGOLAND WINDSOR"," WINDSOR"," U.K.","2019",24300000,"Amusement/Theme Park","EMEA"
"LEGOLAND WINDSOR"," WINDSOR"," U.K.","2020",4500000,"Amusement/Theme Park","EMEA"
"LEGOLAND WINDSOR"," WINDSOR"," U.K.","2021",1.5e+07,"Amusement/Theme Park","EMEA"
"LEGOLAND WINDSOR"," WINDSOR"," U.K.","2022",2.4e+07,"Amusement/Theme Park","EMEA"
"PARC ASTERIX"," PLAILLY"," FRANCE","2019",23260000,"Amusement/Theme Park","EMEA"
"PARC ASTERIX"," PLAILLY"," FRANCE","2020",11630000,"Amusement/Theme Park","EMEA"
"PARC ASTERIX"," PLAILLY"," FRANCE","2021",1.3e+07,"Amusement/Theme Park","EMEA"
"PARC ASTERIX"," PLAILLY"," FRANCE","2022",26320000,"Amusement/Theme Park","EMEA"
"PUY DU FOU"," LES EPESSES"," FRANCE","2019",23080000,"Amusement/Theme Park","EMEA"
"PUY DU FOU"," LES EPESSES"," FRANCE","2020",9230000,"Amusement/Theme Park","EMEA"
"PUY DU FOU"," LES EPESSES"," FRANCE","2021",16160000,"Amusement/Theme Park","EMEA"
"PUY DU FOU"," LES EPESSES"," FRANCE","2022",23420000,"Amusement/Theme Park","EMEA"
"PARQUE WARNER"," MADRID"," SPAIN","2019",22320000,"Amusement/Theme Park","EMEA"
"PARQUE WARNER"," MADRID"," SPAIN","2020",4500000,"Amusement/Theme Park","EMEA"
"PARQUE WARNER"," MADRID"," SPAIN","2021",1.3e+07,"Amusement/Theme Park","EMEA"
"PARQUE WARNER"," MADRID"," SPAIN","2022",18600000,"Amusement/Theme Park","EMEA"
"ALTON TOWERS"," STAFFORDSHIRE"," U.K.","2019",21300000,"Amusement/Theme Park","EMEA"
"ALTON TOWERS"," STAFFORDSHIRE"," U.K.","2020",6700000,"Amusement/Theme Park","EMEA"
"ALTON TOWERS"," STAFFORDSHIRE"," U.K.","2021",1.8e+07,"Amusement/Theme Park","EMEA"
"ALTON TOWERS"," STAFFORDSHIRE"," U.K.","2022",2.3e+07,"Amusement/Theme Park","EMEA"
"PHANTASIALAND"," BRÜHL"," GERMANY","2019",20500000,"Amusement/Theme Park","EMEA"
"PHANTASIALAND"," BRÜHL"," GERMANY","2020",1e+07,"Amusement/Theme Park","EMEA"
"PHANTASIALAND"," BRÜHL"," GERMANY","2021",11800000,"Amusement/Theme Park","EMEA"
"PHANTASIALAND"," BRÜHL"," GERMANY","2022",2.1e+07,"Amusement/Theme Park","EMEA"
"LEGOLAND BILLUND"," BILLUND"," DENMARK","2019",19500000,"Amusement/Theme Park","EMEA"
"LEGOLAND BILLUND"," BILLUND"," DENMARK","2020",7e+06,"Amusement/Theme Park","EMEA"
"LEGOLAND BILLUND"," BILLUND"," DENMARK","2021",8500000,"Amusement/Theme Park","EMEA"
"LEGOLAND BILLUND"," BILLUND"," DENMARK","2022",22420000,"Amusement/Theme Park","EMEA"
"THORPE PARK"," CHERTSEY"," U.K.","2019",1.9e+07,"Amusement/Theme Park","EMEA"
"THORPE PARK"," CHERTSEY"," U.K.","2020",6e+06,"Amusement/Theme Park","EMEA"
"THORPE PARK"," CHERTSEY"," U.K.","2021",1.7e+07,"Amusement/Theme Park","EMEA"
"THORPE PARK"," CHERTSEY"," U.K.","2022",1.6e+07,"Amusement/Theme Park","EMEA"
"FUTUROSCOPE"," JAUNAY-CLAN"," FRANCE","2019",1.9e+07,"Amusement/Theme Park","EMEA"
"FUTUROSCOPE"," JAUNAY-CLAN"," FRANCE","2020",9e+06,"Amusement/Theme Park","EMEA"
"FUTUROSCOPE"," JAUNAY-CLAN"," FRANCE","2021",1.1e+07,"Amusement/Theme Park","EMEA"
"FUTUROSCOPE"," JAUNAY-CLAN"," FRANCE","2022",19200000,"Amusement/Theme Park","EMEA"
"LEGOLAND DEUTSCHLAND"," GÜNZBURG"," GERMANY","2019",1.7e+07,"Amusement/Theme Park","EMEA"
"LEGOLAND DEUTSCHLAND"," GÜNZBURG"," GERMANY","2020",7500000,"Amusement/Theme Park","EMEA"
"LEGOLAND DEUTSCHLAND"," GÜNZBURG"," GERMANY","2021",9e+06,"Amusement/Theme Park","EMEA"
"LEGOLAND DEUTSCHLAND"," GÜNZBURG"," GERMANY","2022",1.7e+07,"Amusement/Theme Park","EMEA"
"HEIDE PARK"," SOLTAU"," GERMANY","2019",1.7e+07,"Amusement/Theme Park","EMEA"
"HEIDE PARK"," SOLTAU"," GERMANY","2020",9500000,"Amusement/Theme Park","EMEA"
"HEIDE PARK"," SOLTAU"," GERMANY","2021",1.3e+07,"Amusement/Theme Park","EMEA"
"HEIDE PARK"," SOLTAU"," GERMANY","2022",1.6e+07,"Amusement/Theme Park","EMEA"
"CHESSINGTON WORLD OF ADVENTURES"," CHESSINGTON"," U.K.","2019",16900000,"Amusement/Theme Park","EMEA"
"CHESSINGTON WORLD OF ADVENTURES"," CHESSINGTON"," U.K.","2020",5100000,"Amusement/Theme Park","EMEA"
"CHESSINGTON WORLD OF ADVENTURES"," CHESSINGTON"," U.K.","2021",14500000,"Amusement/Theme Park","EMEA"
"CHESSINGTON WORLD OF ADVENTURES"," CHESSINGTON"," U.K.","2022",1.5e+07,"Amusement/Theme Park","EMEA"
"DISNEY'S TYPHOON LAGOON WATER PARK AT WALT DISNEY WORLD RESORT"," ORLANDO"," U.S.","2019",22480000,"Water Park","North America"
"DISNEY'S TYPHOON LAGOON WATER PARK AT WALT DISNEY WORLD RESORT"," ORLANDO"," U.S.","2020",0,"Water Park","North America"
"DISNEY'S TYPHOON LAGOON WATER PARK AT WALT DISNEY WORLD RESORT"," ORLANDO"," U.S.","2021",0,"Water Park","North America"
"DISNEY'S TYPHOON LAGOON WATER PARK AT WALT DISNEY WORLD RESORT"," ORLANDO"," U.S.","2022",19150000,"Water Park","North America"
"DISNEY'S BLIZZARD BEACH WATER PARK AT WALT DISNEY WORLD RESORT"," ORLANDO"," U.S.","2019",19830000,"Water Park","North America"
"DISNEY'S BLIZZARD BEACH WATER PARK AT WALT DISNEY WORLD RESORT"," ORLANDO"," U.S.","2020",3160000,"Water Park","North America"
"DISNEY'S BLIZZARD BEACH WATER PARK AT WALT DISNEY WORLD RESORT"," ORLANDO"," U.S.","2021",12010000,"Water Park","North America"
"DISNEY'S BLIZZARD BEACH WATER PARK AT WALT DISNEY WORLD RESORT"," ORLANDO"," U.S.","2022",1010000,"Water Park","North America"
"UNIVERSAL'S VOLCANO BAY"," ORLANDO"," U.S.","2019",18110000,"Water Park","North America"
"UNIVERSAL'S VOLCANO BAY"," ORLANDO"," U.S.","2020",5510000,"Water Park","North America"
"UNIVERSAL'S VOLCANO BAY"," ORLANDO"," U.S.","2021",16910000,"Water Park","North America"
"UNIVERSAL'S VOLCANO BAY"," ORLANDO"," U.S.","2022",18500000,"Water Park","North America"
"AQUATICA"," ORLANDO"," U.S.","2019",15330000,"Water Park","North America"
"AQUATICA"," ORLANDO"," U.S.","2020",5280000,"Water Park","North America"
"AQUATICA"," ORLANDO"," U.S.","2021",11470000,"Water Park","North America"
"AQUATICA"," ORLANDO"," U.S.","2022",15480000,"Water Park","North America"
"SCHLITTERBAHN"," NEW BRAUNFELS"," U.S.","2019",9960000,"Water Park","North America"
"SCHLITTERBAHN"," NEW BRAUNFELS"," U.S.","2020",4510000,"Water Park","North America"
"SCHLITTERBAHN"," NEW BRAUNFELS"," U.S.","2021",8880000,"Water Park","North America"
"SCHLITTERBAHN"," NEW BRAUNFELS"," U.S.","2022",9460000,"Water Park","North America"
"WATER COUNTRY USA"," WILLIAMSBURG"," U.S.","2019",7360000,"Water Park","North America"
"WATER COUNTRY USA"," WILLIAMSBURG"," U.S.","2020",0,"Water Park","North America"
"WATER COUNTRY USA"," WILLIAMSBURG"," U.S.","2021",7e+06,"Water Park","North America"
"WATER COUNTRY USA"," WILLIAMSBURG"," U.S.","2022",7070000,"Water Park","North America"
"ADVENTURE ISLAND"," TAMPA"," U.S.","2019",6560000,"Water Park","North America"
"ADVENTURE ISLAND"," TAMPA"," U.S.","2020",1250000,"Water Park","North America"
"ADVENTURE ISLAND"," TAMPA"," U.S.","2021",5930000,"Water Park","North America"
"ADVENTURE ISLAND"," TAMPA"," U.S.","2022",6360000,"Water Park","North America"
"AQUATICA SAN ANTONIO"," SAN ANTONIO"," U.S.","2019",6510000,"Water Park","North America"
"AQUATICA SAN ANTONIO"," SAN ANTONIO"," U.S.","2020",2630000,"Water Park","North America"
"AQUATICA SAN ANTONIO"," SAN ANTONIO"," U.S.","2021",5860000,"Water Park","North America"
"AQUATICA SAN ANTONIO"," SAN ANTONIO"," U.S.","2022",6310000,"Water Park","North America"
"SCHLITTERBAHN"," GALVESTON"," U.S.","2019",5670000,"Water Park","North America"
"SCHLITTERBAHN"," GALVESTON"," U.S.","2020",3370000,"Water Park","North America"
"SCHLITTERBAHN"," GALVESTON"," U.S.","2021",4020000,"Water Park","North America"
"SCHLITTERBAHN"," GALVESTON"," U.S.","2022",5390000,"Water Park","North America"
"SPLISH SPLASH"," CALVERTON"," U.S.","2019",5420000,"Water Park","North America"
"SPLISH SPLASH"," CALVERTON"," U.S.","2020",0,"Water Park","North America"
"SPLISH SPLASH"," CALVERTON"," U.S.","2021",0,"Water Park","North America"
"SPLISH SPLASH"," CALVERTON"," U.S.","2022",0,"Water Park","North America"
"SIX FLAGS HURRICANE HARBOR"," ARLINGTON"," U.S.","2019",5380000,"Water Park","North America"
"SIX FLAGS HURRICANE HARBOR"," ARLINGTON"," U.S.","2020",2350000,"Water Park","North America"
"SIX FLAGS HURRICANE HARBOR"," ARLINGTON"," U.S.","2021",3770000,"Water Park","North America"
"SIX FLAGS HURRICANE HARBOR"," ARLINGTON"," U.S.","2022",3880000,"Water Park","North America"
"SIX FLAGS WHITE WATER ATLANTA"," MARIETTA"," U.S.","2019",5260000,"Water Park","North America"
"SIX FLAGS WHITE WATER ATLANTA"," MARIETTA"," U.S.","2020",2380000,"Water Park","North America"
"SIX FLAGS WHITE WATER ATLANTA"," MARIETTA"," U.S.","2021",3680000,"Water Park","North America"
"SIX FLAGS WHITE WATER ATLANTA"," MARIETTA"," U.S.","2022",3500000,"Water Park","North America"
"SIX FLAGS HURRICANE HARBOR"," JACKSON"," U.S.","2019",4820000,"Water Park","North America"
"SIX FLAGS HURRICANE HARBOR"," JACKSON"," U.S.","2020",850000,"Water Park","North America"
"SIX FLAGS HURRICANE HARBOR"," JACKSON"," U.S.","2021",4480000,"Water Park","North America"
"SIX FLAGS HURRICANE HARBOR"," JACKSON"," U.S.","2022",4260000,"Water Park","North America"
"TYPHOON TEXAS"," KATY"," U.S.","2019",4780000,"Water Park","North America"
"TYPHOON TEXAS"," KATY"," U.S.","2020",2030000,"Water Park","North America"
"TYPHOON TEXAS"," KATY"," U.S.","2021",3400000,"Water Park","North America"
"TYPHOON TEXAS"," KATY"," U.S.","2022",3640000,"Water Park","North America"
"SIX FLAGS HURRICANE HARBOR SPLASHTOWN"," SPRING"," U.S.","2019",4750000,"Water Park","North America"
"SIX FLAGS HURRICANE HARBOR SPLASHTOWN"," SPRING"," U.S.","2020",0,"Water Park","North America"
"SIX FLAGS HURRICANE HARBOR SPLASHTOWN"," SPRING"," U.S.","2021",3330000,"Water Park","North America"
"SIX FLAGS HURRICANE HARBOR SPLASHTOWN"," SPRING"," U.S.","2022",3430000,"Water Park","North America"
"ZOOMBEZI BAY"," POWELL"," U.S.","2019",4660000,"Water Park","North America"
"ZOOMBEZI BAY"," POWELL"," U.S.","2020",1760000,"Water Park","North America"
"ZOOMBEZI BAY"," POWELL"," U.S.","2021",3730000,"Water Park","North America"
"ZOOMBEZI BAY"," POWELL"," U.S.","2022",3990000,"Water Park","North America"
"SIX FLAGS HURRICANE HARBOR PHOENIX"," GLENDALE"," U.S.","2019",4410000,"Water Park","North America"
"SIX FLAGS HURRICANE HARBOR PHOENIX"," GLENDALE"," U.S.","2020",0,"Water Park","North America"
"SIX FLAGS HURRICANE HARBOR PHOENIX"," GLENDALE"," U.S.","2021",3090000,"Water Park","North America"
"SIX FLAGS HURRICANE HARBOR PHOENIX"," GLENDALE"," U.S.","2022",3180000,"Water Park","North America"
"CAMELBEACH"," TANNERSVILLE"," U.S.","2019",4390000,"Water Park","North America"
"CAMELBEACH"," TANNERSVILLE"," U.S.","2020",1510000,"Water Park","North America"
"CAMELBEACH"," TANNERSVILLE"," U.S.","2021",2250000,"Water Park","North America"
"CAMELBEACH"," TANNERSVILLE"," U.S.","2022",3730000,"Water Park","North America"
"DOLLYWOOD'S SPLASH COUNTRY"," PIGEON FORGE"," U.S.","2019",4330000,"Water Park","North America"
"DOLLYWOOD'S SPLASH COUNTRY"," PIGEON FORGE"," U.S.","2020",1880000,"Water Park","North America"
"DOLLYWOOD'S SPLASH COUNTRY"," PIGEON FORGE"," U.S.","2021",2810000,"Water Park","North America"
"DOLLYWOOD'S SPLASH COUNTRY"," PIGEON FORGE"," U.S.","2022",3680000,"Water Park","North America"
"CEDAR POINT SHORES"," SANDUSKY"," U.S.","2019",4240000,"Water Park","North America"
"CEDAR POINT SHORES"," SANDUSKY"," U.S.","2020",0,"Water Park","North America"
"CEDAR POINT SHORES"," SANDUSKY"," U.S.","2021",4020000,"Water Park","North America"
"CEDAR POINT SHORES"," SANDUSKY"," U.S.","2022",4050000,"Water Park","North America"
" THERMAS DOS LARANJAIS"," OLIMPIA"," BRAZIL","2019",18450000,"Water Park","Latin America"
" THERMAS DOS LARANJAIS"," OLIMPIA"," BRAZIL","2020",9220000,"Water Park","Latin America"
" THERMAS DOS LARANJAIS"," OLIMPIA"," BRAZIL","2021",11790000,"Water Park","Latin America"
" THERMAS DOS LARANJAIS"," OLIMPIA"," BRAZIL","2022",17290000,"Water Park","Latin America"
" BAHAMAS AQUAVENTURE WATER PARK"," PARADISE ISLAND (NASSAU NEW PROVIDENCE)"," BAHAMAS","2019",18130000,"Water Park","Latin America"
" BAHAMAS AQUAVENTURE WATER PARK"," PARADISE ISLAND (NASSAU NEW PROVIDENCE)"," BAHAMAS","2020",4940000,"Water Park","Latin America"
" BAHAMAS AQUAVENTURE WATER PARK"," PARADISE ISLAND (NASSAU NEW PROVIDENCE)"," BAHAMAS","2021",12690000,"Water Park","Latin America"
" BAHAMAS AQUAVENTURE WATER PARK"," PARADISE ISLAND (NASSAU NEW PROVIDENCE)"," BAHAMAS","2022",17510000,"Water Park","Latin America"
" HOT PARK RIO QUENTE"," RIO QUENTE"," BRAZIL","2019",14690000,"Water Park","Latin America"
" HOT PARK RIO QUENTE"," RIO QUENTE"," BRAZIL","2020",7340000,"Water Park","Latin America"
" HOT PARK RIO QUENTE"," RIO QUENTE"," BRAZIL","2021",9330000,"Water Park","Latin America"
" HOT PARK RIO QUENTE"," RIO QUENTE"," BRAZIL","2022",14300000,"Water Park","Latin America"
" PARQUE ACUATICO XOCOMIL"," SAN MARTÍN ZAPOTITLÁN"," GUATEMALA","2019",8940000,"Water Park","Latin America"
" PARQUE ACUATICO XOCOMIL"," SAN MARTÍN ZAPOTITLÁN"," GUATEMALA","2020",1210000,"Water Park","Latin America"
" PARQUE ACUATICO XOCOMIL"," SAN MARTÍN ZAPOTITLÁN"," GUATEMALA","2021",6260000,"Water Park","Latin America"
" PARQUE ACUATICO XOCOMIL"," SAN MARTÍN ZAPOTITLÁN"," GUATEMALA","2022",8330000,"Water Park","Latin America"
" BEACH PARK"," AQUIRAZ"," BRAZIL","2019",8900000,"Water Park","Latin America"
" BEACH PARK"," AQUIRAZ"," BRAZIL","2020",3120000,"Water Park","Latin America"
" BEACH PARK"," AQUIRAZ"," BRAZIL","2021",5e+06,"Water Park","Latin America"
" BEACH PARK"," AQUIRAZ"," BRAZIL","2022",7820000,"Water Park","Latin America"
" PISCILAGO"," GIRARDOT (BOGOTÁ)"," COLOMBIA","2019",8760000,"Water Park","Latin America"
" PISCILAGO"," GIRARDOT (BOGOTÁ)"," COLOMBIA","2020",3070000,"Water Park","Latin America"
" PISCILAGO"," GIRARDOT (BOGOTÁ)"," COLOMBIA","2021",6090000,"Water Park","Latin America"
" PISCILAGO"," GIRARDOT (BOGOTÁ)"," COLOMBIA","2022",8160000,"Water Park","Latin America"
" MAGIC CITY WATER PARK"," SUZANO"," BRAZIL","2019",6810000,"Water Park","Latin America"
" MAGIC CITY WATER PARK"," SUZANO"," BRAZIL","2020",3550000,"Water Park","Latin America"
" MAGIC CITY WATER PARK"," SUZANO"," BRAZIL","2021",4670000,"Water Park","Latin America"
" MAGIC CITY WATER PARK"," SUZANO"," BRAZIL","2022",6160000,"Water Park","Latin America"
" THERMAS WATER PARK"," SÃO PEDRO"," BRAZIL","2019",6410000,"Water Park","Latin America"
" THERMAS WATER PARK"," SÃO PEDRO"," BRAZIL","2020",3150000,"Water Park","Latin America"
" THERMAS WATER PARK"," SÃO PEDRO"," BRAZIL","2021",4520000,"Water Park","Latin America"
" THERMAS WATER PARK"," SÃO PEDRO"," BRAZIL","2022",7530000,"Water Park","Latin America"
" HOT BEACH"," OLYMPIA"," BRAZIL","2019",6080000,"Water Park","Latin America"
" HOT BEACH"," OLYMPIA"," BRAZIL","2020",2430000,"Water Park","Latin America"
" HOT BEACH"," OLYMPIA"," BRAZIL","2021",5940000,"Water Park","Latin America"
" HOT BEACH"," OLYMPIA"," BRAZIL","2022",9140000,"Water Park","Latin America"
" PARQUE ACUATICO EL ROLLO"," MORELOS"," MEXICO","2019",5250000,"Water Park","Latin America"
" PARQUE ACUATICO EL ROLLO"," MORELOS"," MEXICO","2020",2100000,"Water Park","Latin America"
" PARQUE ACUATICO EL ROLLO"," MORELOS"," MEXICO","2021",3680000,"Water Park","Latin America"
" PARQUE ACUATICO EL ROLLO"," MORELOS"," MEXICO","2022",4890000,"Water Park","Latin America"
" CHIMELONG WATER PARK"," GUANGZHOU"," CHINA","2019",30140000,"Water Park","Asia Pacific"
" CHIMELONG WATER PARK"," GUANGZHOU"," CHINA","2020",15120000,"Water Park","Asia Pacific"
" CHIMELONG WATER PARK"," GUANGZHOU"," CHINA","2021",22300000,"Water Park","Asia Pacific"
" CHIMELONG WATER PARK"," GUANGZHOU"," CHINA","2022",16200000,"Water Park","Asia Pacific"
" WUHU FANTAWILD WATER PARK"," WUHU"," CHINA","2019",13480000,"Water Park","Asia Pacific"
" WUHU FANTAWILD WATER PARK"," WUHU"," CHINA","2020",7700000,"Water Park","Asia Pacific"
" WUHU FANTAWILD WATER PARK"," WUHU"," CHINA","2021",4310000,"Water Park","Asia Pacific"
" WUHU FANTAWILD WATER PARK"," WUHU"," CHINA","2022",9280000,"Water Park","Asia Pacific"
" CARIBBEAN BAY"," SEOUL"," SOUTH KOREA","2019",13330000,"Water Park","Asia Pacific"
" CARIBBEAN BAY"," SEOUL"," SOUTH KOREA","2020",1680000,"Water Park","Asia Pacific"
" CARIBBEAN BAY"," SEOUL"," SOUTH KOREA","2021",2220000,"Water Park","Asia Pacific"
" CARIBBEAN BAY"," SEOUL"," SOUTH KOREA","2022",9950000,"Water Park","Asia Pacific"
" PLAYA MAYA WATER PARK"," WUHAN"," CHINA","2019",12100000,"Water Park","Asia Pacific"
" PLAYA MAYA WATER PARK"," WUHAN"," CHINA","2020",9300000,"Water Park","Asia Pacific"
" PLAYA MAYA WATER PARK"," WUHAN"," CHINA","2021",7300000,"Water Park","Asia Pacific"
" PLAYA MAYA WATER PARK"," WUHAN"," CHINA","2022",5600000,"Water Park","Asia Pacific"
" AQUAVENTURE ATLANTIS"," SANYA"," CHINA","2019",1.2e+07,"Water Park","Asia Pacific"
" AQUAVENTURE ATLANTIS"," SANYA"," CHINA","2020",1.2e+07,"Water Park","Asia Pacific"
" AQUAVENTURE ATLANTIS"," SANYA"," CHINA","2021",1.2e+07,"Water Park","Asia Pacific"
" AQUAVENTURE ATLANTIS"," SANYA"," CHINA","2022",6300000,"Water Park","Asia Pacific"
" SUNWAY LAGOON"," KUALA LUMPUR"," MALAYSIA","2019",1.2e+07,"Water Park","Asia Pacific"
" SUNWAY LAGOON"," KUALA LUMPUR"," MALAYSIA","2020",6e+06,"Water Park","Asia Pacific"
" SUNWAY LAGOON"," KUALA LUMPUR"," MALAYSIA","2021",6e+06,"Water Park","Asia Pacific"
" SUNWAY LAGOON"," KUALA LUMPUR"," MALAYSIA","2022",9500000,"Water Park","Asia Pacific"
" WET 'N' WILD GOLD COAST"," GOLD COAST"," AUSTRALIA","2019",11200000,"Water Park","Asia Pacific"
" WET 'N' WILD GOLD COAST"," GOLD COAST"," AUSTRALIA","2020",9520000,"Water Park","Asia Pacific"
" WET 'N' WILD GOLD COAST"," GOLD COAST"," AUSTRALIA","2021",9700000,"Water Park","Asia Pacific"
" WET 'N' WILD GOLD COAST"," GOLD COAST"," AUSTRALIA","2022",10300000,"Water Park","Asia Pacific"
" OCEAN WORLD"," HONGCHEON"," SOUTH KOREA","2019",10710000,"Water Park","Asia Pacific"
" OCEAN WORLD"," HONGCHEON"," SOUTH KOREA","2020",1800000,"Water Park","Asia Pacific"
" OCEAN WORLD"," HONGCHEON"," SOUTH KOREA","2021",1150000,"Water Park","Asia Pacific"
" OCEAN WORLD"," HONGCHEON"," SOUTH KOREA","2022",7500000,"Water Park","Asia Pacific"
" POSEIDON BEACH WATER WORLD"," HARBIN"," CHINA","2019",9170000,"Water Park","Asia Pacific"
" POSEIDON BEACH WATER WORLD"," HARBIN"," CHINA","2020",3e+06,"Water Park","Asia Pacific"
" POSEIDON BEACH WATER WORLD"," HARBIN"," CHINA","2021",5820000,"Water Park","Asia Pacific"
" POSEIDON BEACH WATER WORLD"," HARBIN"," CHINA","2022",6250000,"Water Park","Asia Pacific"
" SUNWAY LOST WORLD OF TAMBUN"," PERAK"," MALAYSIA","2019",1e+07,"Water Park","Asia Pacific"
" SUNWAY LOST WORLD OF TAMBUN"," PERAK"," MALAYSIA","2020",6e+06,"Water Park","Asia Pacific"
" SUNWAY LOST WORLD OF TAMBUN"," PERAK"," MALAYSIA","2021",6e+06,"Water Park","Asia Pacific"
" SUNWAY LOST WORLD OF TAMBUN"," PERAK"," MALAYSIA","2022",8e+06,"Water Park","Asia Pacific"
" PLAYA MAYA WATER PARK"," SHANGHAI"," CHINA","2019",9700000,"Water Park","Asia Pacific"
" PLAYA MAYA WATER PARK"," SHANGHAI"," CHINA","2020",8600000,"Water Park","Asia Pacific"
" PLAYA MAYA WATER PARK"," SHANGHAI"," CHINA","2021",10800000,"Water Park","Asia Pacific"
" PLAYA MAYA WATER PARK"," SHANGHAI"," CHINA","2022",2900000,"Water Park","Asia Pacific"
" ATLANTIS WATER ADVENTURE"," JAKARTA"," INDONESIA","2019",9100000,"Water Park","Asia Pacific"
" ATLANTIS WATER ADVENTURE"," JAKARTA"," INDONESIA","2020",2200000,"Water Park","Asia Pacific"
" ATLANTIS WATER ADVENTURE"," JAKARTA"," INDONESIA","2021",3e+05,"Water Park","Asia Pacific"
" ATLANTIS WATER ADVENTURE"," JAKARTA"," INDONESIA","2022",2630000,"Water Park","Asia Pacific"
" ZHENGZHOU FANTAWILD WATER PARK"," ZHENGZHOU"," CHINA","2019",9050000,"Water Park","Asia Pacific"
" ZHENGZHOU FANTAWILD WATER PARK"," ZHENGZHOU"," CHINA","2020",6220000,"Water Park","Asia Pacific"
" ZHENGZHOU FANTAWILD WATER PARK"," ZHENGZHOU"," CHINA","2021",4430000,"Water Park","Asia Pacific"
" ZHENGZHOU FANTAWILD WATER PARK"," ZHENGZHOU"," CHINA","2022",4840000,"Water Park","Asia Pacific"
" SUMMERLAND"," TOKYO"," JAPAN","2019",8680000,"Water Park","Asia Pacific"
" SUMMERLAND"," TOKYO"," JAPAN","2020",4540000,"Water Park","Asia Pacific"
" SUMMERLAND"," TOKYO"," JAPAN","2021",6500000,"Water Park","Asia Pacific"
" SUMMERLAND"," TOKYO"," JAPAN","2022",6900000,"Water Park","Asia Pacific"
" XIAMEN FANTAWILD WATERPARK"," XIAMEN"," CHINA","2019",8320000,"Water Park","Asia Pacific"
" XIAMEN FANTAWILD WATERPARK"," XIAMEN"," CHINA","2020",4420000,"Water Park","Asia Pacific"
" XIAMEN FANTAWILD WATERPARK"," XIAMEN"," CHINA","2021",5480000,"Water Park","Asia Pacific"
" XIAMEN FANTAWILD WATERPARK"," XIAMEN"," CHINA","2022",6740000,"Water Park","Asia Pacific"
" THE JUNGLE WATER ADVENTURE"," BOGOR"," INDONESIA","2019",7850000,"Water Park","Asia Pacific"
" THE JUNGLE WATER ADVENTURE"," BOGOR"," INDONESIA","2020",2e+06,"Water Park","Asia Pacific"
" THE JUNGLE WATER ADVENTURE"," BOGOR"," INDONESIA","2021",2680000,"Water Park","Asia Pacific"
" THE JUNGLE WATER ADVENTURE"," BOGOR"," INDONESIA","2022",5820000,"Water Park","Asia Pacific"
" PLAYA MAYA WATER PARK"," TIANJIN"," CHINA","2019",7500000,"Water Park","Asia Pacific"
" PLAYA MAYA WATER PARK"," TIANJIN"," CHINA","2020",5500000,"Water Park","Asia Pacific"
" PLAYA MAYA WATER PARK"," TIANJIN"," CHINA","2021",7300000,"Water Park","Asia Pacific"
" PLAYA MAYA WATER PARK"," TIANJIN"," CHINA","2022",6300000,"Water Park","Asia Pacific"
" WOONGJIN PLAYDOCI WATERDOCI"," BUCHEON"," SOUTH KOREA","2019",7500000,"Water Park","Asia Pacific"
" WOONGJIN PLAYDOCI WATERDOCI"," BUCHEON"," SOUTH KOREA","2020",1460000,"Water Park","Asia Pacific"
" WOONGJIN PLAYDOCI WATERDOCI"," BUCHEON"," SOUTH KOREA","2021",930000,"Water Park","Asia Pacific"
" WOONGJIN PLAYDOCI WATERDOCI"," BUCHEON"," SOUTH KOREA","2022",3270000,"Water Park","Asia Pacific"
" LOTTE WATER PARK"," GIMHAE"," SOUTH KOREA","2019",7400000,"Water Park","Asia Pacific"
" LOTTE WATER PARK"," GIMHAE"," SOUTH KOREA","2020",1330000,"Water Park","Asia Pacific"
" LOTTE WATER PARK"," GIMHAE"," SOUTH KOREA","2021",780000,"Water Park","Asia Pacific"
" LOTTE WATER PARK"," GIMHAE"," SOUTH KOREA","2022",5480000,"Water Park","Asia Pacific"
" ADVENTURE COVE WATER PARK"," Sentosa"," SINGAPORE","2019",7100000,"Water Park","Asia Pacific"
" ADVENTURE COVE WATER PARK"," Sentosa"," SINGAPORE","2020",3e+06,"Water Park","Asia Pacific"
" ADVENTURE COVE WATER PARK"," Sentosa"," SINGAPORE","2021",3300000,"Water Park","Asia Pacific"
" ADVENTURE COVE WATER PARK"," Sentosa"," SINGAPORE","2022",3600000,"Water Park","Asia Pacific"
" THERME ERDING"," ERDING"," GERMANY","2019",18500000,"Water Park","EMEA"
" THERME ERDING"," ERDING"," GERMANY","2020",7500000,"Water Park","EMEA"
" THERME ERDING"," ERDING"," GERMANY","2021",7e+06,"Water Park","EMEA"
" THERME ERDING"," ERDING"," GERMANY","2022",1.7e+07,"Water Park","EMEA"
" AQUAVENTURE WATER PARK"," DUBAI"," U.A.E.","2019",13220000,"Water Park","EMEA"
" AQUAVENTURE WATER PARK"," DUBAI"," U.A.E.","2020",6e+06,"Water Park","EMEA"
" AQUAVENTURE WATER PARK"," DUBAI"," U.A.E.","2021",8e+06,"Water Park","EMEA"
" AQUAVENTURE WATER PARK"," DUBAI"," U.A.E.","2022",1.5e+07,"Water Park","EMEA"
" AQUAPALACE"," PRAGUE"," CZECH REPUBLIC","2019",1.3e+07,"Water Park","EMEA"
" AQUAPALACE"," PRAGUE"," CZECH REPUBLIC","2020",5370000,"Water Park","EMEA"
" AQUAPALACE"," PRAGUE"," CZECH REPUBLIC","2021",5800000,"Water Park","EMEA"
" AQUAPALACE"," PRAGUE"," CZECH REPUBLIC","2022",1.2e+07,"Water Park","EMEA"
" TROPICAL ISLANDS"," KRAUSNICK"," GERMANY","2019",12330000,"Water Park","EMEA"
" TROPICAL ISLANDS"," KRAUSNICK"," GERMANY","2020",4930000,"Water Park","EMEA"
" TROPICAL ISLANDS"," KRAUSNICK"," GERMANY","2021",5e+06,"Water Park","EMEA"
" TROPICAL ISLANDS"," KRAUSNICK"," GERMANY","2022",11500000,"Water Park","EMEA"
" SIAM PARK"," SANTA CRUZ DE TENERIFE"," SPAIN","2019",1.2e+07,"Water Park","EMEA"
" SIAM PARK"," SANTA CRUZ DE TENERIFE"," SPAIN","2020",970000,"Water Park","EMEA"
" SIAM PARK"," SANTA CRUZ DE TENERIFE"," SPAIN","2021",5110000,"Water Park","EMEA"
" SIAM PARK"," SANTA CRUZ DE TENERIFE"," SPAIN","2022",11500000,"Water Park","EMEA"
" AQUALAND MORAVIA"," PASOHLÁVKY"," CZECH REPUBLIC","2019",8060000,"Water Park","EMEA"
" AQUALAND MORAVIA"," PASOHLÁVKY"," CZECH REPUBLIC","2020",3680000,"Water Park","EMEA"
" AQUALAND MORAVIA"," PASOHLÁVKY"," CZECH REPUBLIC","2021",3860000,"Water Park","EMEA"
" AQUALAND MORAVIA"," PASOHLÁVKY"," CZECH REPUBLIC","2022",7270000,"Water Park","EMEA"
" TIKI POOL"," DUINRELL"," NETHERLANDS","2019",8e+06,"Water Park","EMEA"
" TIKI POOL"," DUINRELL"," NETHERLANDS","2020",3900000,"Water Park","EMEA"
" TIKI POOL"," DUINRELL"," NETHERLANDS","2021",4e+06,"Water Park","EMEA"
" TIKI POOL"," DUINRELL"," NETHERLANDS","2022",7500000,"Water Park","EMEA"
" NETTEBAD"," OSNABRÜCK"," GERMANY","2019",7560000,"Water Park","EMEA"
" NETTEBAD"," OSNABRÜCK"," GERMANY","2020",3110000,"Water Park","EMEA"
" NETTEBAD"," OSNABRÜCK"," GERMANY","2021",3470000,"Water Park","EMEA"
" NETTEBAD"," OSNABRÜCK"," GERMANY","2022",6500000,"Water Park","EMEA"
" WILD WADI"," DUBAI"," U.A.E.","2019",7400000,"Water Park","EMEA"
" WILD WADI"," DUBAI"," U.A.E.","2020",3500000,"Water Park","EMEA"
" WILD WADI"," DUBAI"," U.A.E.","2021",4700000,"Water Park","EMEA"
" WILD WADI"," DUBAI"," U.A.E.","2022",7500000,"Water Park","EMEA"
" LALANDIA"," BILLUND"," DENMARK","2019",6820000,"Water Park","EMEA"
" LALANDIA"," BILLUND"," DENMARK","2020",2400000,"Water Park","EMEA"
" LALANDIA"," BILLUND"," DENMARK","2021",4500000,"Water Park","EMEA"
" LALANDIA"," BILLUND"," DENMARK","2022",7500000,"Water Park","EMEA"
" LOUVRE"," PARIS"," FRANCE","2019",9.6e+07,"Museum","Worldwide"
" LOUVRE"," PARIS"," FRANCE","2020",2.7e+07,"Museum","Worldwide"
" LOUVRE"," PARIS"," FRANCE","2021",28250000,"Museum","Worldwide"
" LOUVRE"," PARIS"," FRANCE","2022",77260000,"Museum","Worldwide"
" NATIONAL MUSEUM OF CHINA"," BEIJING"," CHINA","2019",73900000,"Museum","Worldwide"
" NATIONAL MUSEUM OF CHINA"," BEIJING"," CHINA","2020",1.6e+07,"Museum","Worldwide"
" NATIONAL MUSEUM OF CHINA"," BEIJING"," CHINA","2021",23780000,"Museum","Worldwide"
" NATIONAL MUSEUM OF CHINA"," BEIJING"," CHINA","2022",16310000,"Museum","Worldwide"
" VATICAN MUSEUMS"," VATICAN"," VATICAN CITY","2019",68830000,"Museum","Worldwide"
" VATICAN MUSEUMS"," VATICAN"," VATICAN CITY","2020",1.3e+07,"Museum","Worldwide"
" VATICAN MUSEUMS"," VATICAN"," VATICAN CITY","2021",16130000,"Museum","Worldwide"
" VATICAN MUSEUMS"," VATICAN"," VATICAN CITY","2022",50810000,"Museum","Worldwide"
" THE METROPOLITAN MUSEUM OF ART"," NEW YORK"," U.S.","2019",67700000,"Museum","Worldwide"
" THE METROPOLITAN MUSEUM OF ART"," NEW YORK"," U.S.","2020",11250000,"Museum","Worldwide"
" THE METROPOLITAN MUSEUM OF ART"," NEW YORK"," U.S.","2021",19580000,"Museum","Worldwide"
" THE METROPOLITAN MUSEUM OF ART"," NEW YORK"," U.S.","2022",32090000,"Museum","Worldwide"
" BRITISH MUSEUM"," LONDON"," U.K.","2019",62080000,"Museum","Worldwide"
" BRITISH MUSEUM"," LONDON"," U.K.","2020",12750000,"Museum","Worldwide"
" BRITISH MUSEUM"," LONDON"," U.K.","2021",13270000,"Museum","Worldwide"
" BRITISH MUSEUM"," LONDON"," U.K.","2022",40970000,"Museum","Worldwide"
" TATE MODERN"," LONDON"," U.K.","2019",60980000,"Museum","Worldwide"
" TATE MODERN"," LONDON"," U.K.","2020",14330000,"Museum","Worldwide"
" TATE MODERN"," LONDON"," U.K.","2021",11560000,"Museum","Worldwide"
" TATE MODERN"," LONDON"," U.K.","2022",38830000,"Museum","Worldwide"
" NATIONAL GALLERY"," LONDON"," U.K.","2019",60110000,"Museum","Worldwide"
" NATIONAL GALLERY"," LONDON"," U.K.","2020",11970000,"Museum","Worldwide"
" NATIONAL GALLERY"," LONDON"," U.K.","2021",7090000,"Museum","Worldwide"
" NATIONAL GALLERY"," LONDON"," U.K.","2022",27270000,"Museum","Worldwide"
" NATURAL HISTORY MUSEUM"," LONDON"," U.K.","2019",54240000,"Museum","Worldwide"
" NATURAL HISTORY MUSEUM"," LONDON"," U.K.","2020",11970000,"Museum","Worldwide"
" NATURAL HISTORY MUSEUM"," LONDON"," U.K.","2021",15640000,"Museum","Worldwide"
" NATURAL HISTORY MUSEUM"," LONDON"," U.K.","2022",46550000,"Museum","Worldwide"
" AMERICAN MUSEUM OF NATURAL HISTORY"," NEW YORK"," U.S.","2019",5e+07,"Museum","Worldwide"
" AMERICAN MUSEUM OF NATURAL HISTORY"," NEW YORK"," U.S.","2020",0,"Museum","Worldwide"
" AMERICAN MUSEUM OF NATURAL HISTORY"," NEW YORK"," U.S.","2021",0,"Museum","Worldwide"
" AMERICAN MUSEUM OF NATURAL HISTORY"," NEW YORK"," U.S.","2022",0,"Museum","Worldwide"
" STATE HERMITAGE"," ST. PETERSBURG"," RUSSIA","2019",49570000,"Museum","Worldwide"
" STATE HERMITAGE"," ST. PETERSBURG"," RUSSIA","2020",9690000,"Museum","Worldwide"
" STATE HERMITAGE"," ST. PETERSBURG"," RUSSIA","2021",16490000,"Museum","Worldwide"
" STATE HERMITAGE"," ST. PETERSBURG"," RUSSIA","2022",28130000,"Museum","Worldwide"
" SHANGHAI SCIENCE AND TECHNOLOGY MUSEUM"," SHANGHAI"," CHINA","2019",48240000,"Museum","Worldwide"
" SHANGHAI SCIENCE AND TECHNOLOGY MUSEUM"," SHANGHAI"," CHINA","2020",13510000,"Museum","Worldwide"
" SHANGHAI SCIENCE AND TECHNOLOGY MUSEUM"," SHANGHAI"," CHINA","2021",23680000,"Museum","Worldwide"
" SHANGHAI SCIENCE AND TECHNOLOGY MUSEUM"," SHANGHAI"," CHINA","2022",4940000,"Museum","Worldwide"
" REINA SOFÍA"," MADRID"," SPAIN","2019",44260000,"Museum","Worldwide"
" REINA SOFÍA"," MADRID"," SPAIN","2020",12480000,"Museum","Worldwide"
" REINA SOFÍA"," MADRID"," SPAIN","2021",16430000,"Museum","Worldwide"
" REINA SOFÍA"," MADRID"," SPAIN","2022",30630000,"Museum","Worldwide"
" NATIONAL MUSEUM OF NATURAL HISTORY"," WASHINGTON"," U.S.","2019",4.2e+07,"Museum","Worldwide"
" NATIONAL MUSEUM OF NATURAL HISTORY"," WASHINGTON"," U.S.","2020",5730000,"Museum","Worldwide"
" NATIONAL MUSEUM OF NATURAL HISTORY"," WASHINGTON"," U.S.","2021",9820000,"Museum","Worldwide"
" NATIONAL MUSEUM OF NATURAL HISTORY"," WASHINGTON"," U.S.","2022",3.9e+07,"Museum","Worldwide"
" NANJING MUSEUM"," NANJING"," CHINA","2019",41690000,"Museum","Worldwide"
" NANJING MUSEUM"," NANJING"," CHINA","2020",15150000,"Museum","Worldwide"
" NANJING MUSEUM"," NANJING"," CHINA","2021",20340000,"Museum","Worldwide"
" NANJING MUSEUM"," NANJING"," CHINA","2022",16100000,"Museum","Worldwide"
" ZHEJIANG MUSEUM"," HANGZHOU"," CHINA","2019",41500000,"Museum","Worldwide"
" ZHEJIANG MUSEUM"," HANGZHOU"," CHINA","2020",11080000,"Museum","Worldwide"
" ZHEJIANG MUSEUM"," HANGZHOU"," CHINA","2021",9290000,"Museum","Worldwide"
" ZHEJIANG MUSEUM"," HANGZHOU"," CHINA","2022",8740000,"Museum","Worldwide"
" NATIONAL GALLERY OF ART"," WASHINGTON"," U.S.","2019",40740000,"Museum","Worldwide"
" NATIONAL GALLERY OF ART"," WASHINGTON"," U.S.","2020",7300000,"Museum","Worldwide"
" NATIONAL GALLERY OF ART"," WASHINGTON"," U.S.","2021",17050000,"Museum","Worldwide"
" NATIONAL GALLERY OF ART"," WASHINGTON"," U.S.","2022",32560000,"Museum","Worldwide"
" VICTORIA & ALBERT MUSEUM"," LONDON"," U.K.","2019",39210000,"Museum","Worldwide"
" VICTORIA & ALBERT MUSEUM"," LONDON"," U.K.","2020",8720000,"Museum","Worldwide"
" VICTORIA & ALBERT MUSEUM"," LONDON"," U.K.","2021",8580000,"Museum","Worldwide"
" VICTORIA & ALBERT MUSEUM"," LONDON"," U.K.","2022",23700000,"Museum","Worldwide"
" CHINA SCIENCE TECHNOLOGY MUSEUM"," BEIJING"," CHINA","2019",38910000,"Museum","Worldwide"
" CHINA SCIENCE TECHNOLOGY MUSEUM"," BEIJING"," CHINA","2020",6900000,"Museum","Worldwide"
" CHINA SCIENCE TECHNOLOGY MUSEUM"," BEIJING"," CHINA","2021",23600000,"Museum","Worldwide"
" CHINA SCIENCE TECHNOLOGY MUSEUM"," BEIJING"," CHINA","2022",14310000,"Museum","Worldwide"
" NATIONAL PALACE MUSEUM"," TAIPEI"," TAIWAN","2019",38320000,"Museum","Worldwide"
" NATIONAL PALACE MUSEUM"," TAIPEI"," TAIWAN","2020",6430000,"Museum","Worldwide"
" NATIONAL PALACE MUSEUM"," TAIPEI"," TAIWAN","2021",4170000,"Museum","Worldwide"
" NATIONAL PALACE MUSEUM"," TAIPEI"," TAIWAN","2022",10400000,"Museum","Worldwide"
" MUSÉE D'ORSAY"," PARIS"," FRANCE","2019",36520000,"Museum","Worldwide"
" MUSÉE D'ORSAY"," PARIS"," FRANCE","2020",8670000,"Museum","Worldwide"
" MUSÉE D'ORSAY"," PARIS"," FRANCE","2021",10440000,"Museum","Worldwide"
" MUSÉE D'ORSAY"," PARIS"," FRANCE","2022",32700000,"Museum","Worldwide"
" THE METROPOLITAN MUSEUM OF ART"," NEW YORK"," U.S.","2019",67700000,"Museum","North America"
" THE METROPOLITAN MUSEUM OF ART"," NEW YORK"," U.S.","2020",11250000,"Museum","North America"
" THE METROPOLITAN MUSEUM OF ART"," NEW YORK"," U.S.","2021",19580000,"Museum","North America"
" THE METROPOLITAN MUSEUM OF ART"," NEW YORK"," U.S.","2022",32090000,"Museum","North America"
" AMERICAN MUSEUM OF NATURAL HISTORY"," NEW YORK"," U.S.","2019",5e+07,"Museum","North America"
" AMERICAN MUSEUM OF NATURAL HISTORY"," NEW YORK"," U.S.","2020",0,"Museum","North America"
" AMERICAN MUSEUM OF NATURAL HISTORY"," NEW YORK"," U.S.","2021",0,"Museum","North America"
" AMERICAN MUSEUM OF NATURAL HISTORY"," NEW YORK"," U.S.","2022",0,"Museum","North America"
" NATIONAL MUSEUM OF NATURAL HISTORY"," WASHINGTON"," U.S.","2019",4.2e+07,"Museum","North America"
" NATIONAL MUSEUM OF NATURAL HISTORY"," WASHINGTON"," U.S.","2020",5730000,"Museum","North America"
" NATIONAL MUSEUM OF NATURAL HISTORY"," WASHINGTON"," U.S.","2021",9820000,"Museum","North America"
" NATIONAL MUSEUM OF NATURAL HISTORY"," WASHINGTON"," U.S.","2022",3.9e+07,"Museum","North America"
" NATIONAL GALLERY OF ART"," WASHINGTON"," U.S.","2019",40740000,"Museum","North America"
" NATIONAL GALLERY OF ART"," WASHINGTON"," U.S.","2020",7300000,"Museum","North America"
" NATIONAL GALLERY OF ART"," WASHINGTON"," U.S.","2021",17050000,"Museum","North America"
" NATIONAL GALLERY OF ART"," WASHINGTON"," U.S.","2022",32560000,"Museum","North America"
" NATIONAL AIR AND SPACE MUSEUM"," WASHINGTON"," U.S.","2019",3.2e+07,"Museum","North America"
" NATIONAL AIR AND SPACE MUSEUM"," WASHINGTON"," U.S.","2020",2670000,"Museum","North America"
" NATIONAL AIR AND SPACE MUSEUM"," WASHINGTON"," U.S.","2021",4110000,"Museum","North America"
" NATIONAL AIR AND SPACE MUSEUM"," WASHINGTON"," U.S.","2022",4190000,"Museum","North America"
" NATIONAL MUSEUM OF AMERICAN HISTORY"," WASHINGTON"," U.S.","2019",2.8e+07,"Museum","North America"
" NATIONAL MUSEUM OF AMERICAN HISTORY"," WASHINGTON"," U.S.","2020",3110000,"Museum","North America"
" NATIONAL MUSEUM OF AMERICAN HISTORY"," WASHINGTON"," U.S.","2021",5700000,"Museum","North America"
" NATIONAL MUSEUM OF AMERICAN HISTORY"," WASHINGTON"," U.S.","2022",1.8e+07,"Museum","North America"
" CALIFORNIA SCIENCE CENTER"," LOS ANGELES"," U.S.","2019",2.2e+07,"Museum","North America"
" CALIFORNIA SCIENCE CENTER"," LOS ANGELES"," U.S.","2020",2710000,"Museum","North America"
" CALIFORNIA SCIENCE CENTER"," LOS ANGELES"," U.S.","2021",7260000,"Museum","North America"
" CALIFORNIA SCIENCE CENTER"," LOS ANGELES"," U.S.","2022",16940000,"Museum","North America"
" NATIONAL MUSEUM OF AFRICAN AMERICAN HISTORY AND CULTURE"," WASHINGTON"," U.S.","2019",2e+07,"Museum","North America"
" NATIONAL MUSEUM OF AFRICAN AMERICAN HISTORY AND CULTURE"," WASHINGTON"," U.S.","2020",3680000,"Museum","North America"
" NATIONAL MUSEUM OF AFRICAN AMERICAN HISTORY AND CULTURE"," WASHINGTON"," U.S.","2021",3930000,"Museum","North America"
" NATIONAL MUSEUM OF AFRICAN AMERICAN HISTORY AND CULTURE"," WASHINGTON"," U.S.","2022",10930000,"Museum","North America"
" SMITHSONIAN AMERICAN ART MUSEUM (WITH THE RENWICK GALLERY)"," WASHINGTON"," U.S.","2019",2e+07,"Museum","North America"
" SMITHSONIAN AMERICAN ART MUSEUM (WITH THE RENWICK GALLERY)"," WASHINGTON"," U.S.","2020",3870000,"Museum","North America"
" SMITHSONIAN AMERICAN ART MUSEUM (WITH THE RENWICK GALLERY)"," WASHINGTON"," U.S.","2021",4200000,"Museum","North America"
" SMITHSONIAN AMERICAN ART MUSEUM (WITH THE RENWICK GALLERY)"," WASHINGTON"," U.S.","2022",1.1e+07,"Museum","North America"
" THE MUSEUM OF MODERN ART"," NEW YORK"," U.S.","2019",19920000,"Museum","North America"
" THE MUSEUM OF MODERN ART"," NEW YORK"," U.S.","2020",7060000,"Museum","North America"
" THE MUSEUM OF MODERN ART"," NEW YORK"," U.S.","2021",11610000,"Museum","North America"
" THE MUSEUM OF MODERN ART"," NEW YORK"," U.S.","2022",21900000,"Museum","North America"
" HOUSTON MUSEUM OF NATURAL SCIENCE"," HOUSTON"," U.S.","2019",19740000,"Museum","North America"
" HOUSTON MUSEUM OF NATURAL SCIENCE"," HOUSTON"," U.S.","2020",0,"Museum","North America"
" HOUSTON MUSEUM OF NATURAL SCIENCE"," HOUSTON"," U.S.","2021",10860000,"Museum","North America"
" HOUSTON MUSEUM OF NATURAL SCIENCE"," HOUSTON"," U.S.","2022",15200000,"Museum","North America"
" NATIONAL PORTRAIT GALLERY"," WASHINGTON"," U.S.","2019",1.7e+07,"Museum","North America"
" NATIONAL PORTRAIT GALLERY"," WASHINGTON"," U.S.","2020",3210000,"Museum","North America"
" NATIONAL PORTRAIT GALLERY"," WASHINGTON"," U.S.","2021",3300000,"Museum","North America"
" NATIONAL PORTRAIT GALLERY"," WASHINGTON"," U.S.","2022",9540000,"Museum","North America"
" THE ART INSTITUTE OF CHICAGO"," CHICAGO"," U.S.","2019",16660000,"Museum","North America"
" THE ART INSTITUTE OF CHICAGO"," CHICAGO"," U.S.","2020",3750000,"Museum","North America"
" THE ART INSTITUTE OF CHICAGO"," CHICAGO"," U.S.","2021",7e+06,"Museum","North America"
" THE ART INSTITUTE OF CHICAGO"," CHICAGO"," U.S.","2022",10370000,"Museum","North America"
" U.S. HOLOCAUST MEMORIAL MUSEUM"," WASHINGTON"," U.S.","2019",1.6e+07,"Museum","North America"
" U.S. HOLOCAUST MEMORIAL MUSEUM"," WASHINGTON"," U.S.","2020",0,"Museum","North America"
" U.S. HOLOCAUST MEMORIAL MUSEUM"," WASHINGTON"," U.S.","2021",4480000,"Museum","North America"
" U.S. HOLOCAUST MEMORIAL MUSEUM"," WASHINGTON"," U.S.","2022",11840000,"Museum","North America"
" FIELD MUSEUM OF NATURAL HISTORY"," CHICAGO"," U.S.","2019",14940000,"Museum","North America"
" FIELD MUSEUM OF NATURAL HISTORY"," CHICAGO"," U.S.","2020",3160000,"Museum","North America"
" FIELD MUSEUM OF NATURAL HISTORY"," CHICAGO"," U.S.","2021",6050000,"Museum","North America"
" FIELD MUSEUM OF NATURAL HISTORY"," CHICAGO"," U.S.","2022",10180000,"Museum","North America"
" DENVER MUSEUM OF NATURE & SCIENCE"," DENVER"," U.S.","2019",14870000,"Museum","North America"
" DENVER MUSEUM OF NATURE & SCIENCE"," DENVER"," U.S.","2020",9910000,"Museum","North America"
" DENVER MUSEUM OF NATURE & SCIENCE"," DENVER"," U.S.","2021",9590000,"Museum","North America"
" DENVER MUSEUM OF NATURE & SCIENCE"," DENVER"," U.S.","2022",11510000,"Museum","North America"
" MUSEUM OF SCIENCE"," BOSTON"," U.S.","2019",14580000,"Museum","North America"
" MUSEUM OF SCIENCE"," BOSTON"," U.S.","2020",3450000,"Museum","North America"
" MUSEUM OF SCIENCE"," BOSTON"," U.S.","2021",5830000,"Museum","North America"
" MUSEUM OF SCIENCE"," BOSTON"," U.S.","2022",11230000,"Museum","North America"
" THE J. PAUL GETTY CENTER"," LOS ANGELES"," U.S.","2019",14390000,"Museum","North America"
" THE J. PAUL GETTY CENTER"," LOS ANGELES"," U.S.","2020",2670000,"Museum","North America"
" THE J. PAUL GETTY CENTER"," LOS ANGELES"," U.S.","2021",5040000,"Museum","North America"
" THE J. PAUL GETTY CENTER"," LOS ANGELES"," U.S.","2022",9090000,"Museum","North America"
" MUSEUM OF SCIENCE AND INDUSTRY"," CHICAGO"," U.S.","2019",13880000,"Museum","North America"
" MUSEUM OF SCIENCE AND INDUSTRY"," CHICAGO"," U.S.","2020",2910000,"Museum","North America"
" MUSEUM OF SCIENCE AND INDUSTRY"," CHICAGO"," U.S.","2021",7800000,"Museum","North America"
" MUSEUM OF SCIENCE AND INDUSTRY"," CHICAGO"," U.S.","2022",11340000,"Museum","North America"
" CALIFORNIA ACADEMY OF SCIENCES"," SAN FRANCISCO"," U.S.","2019",13210000,"Museum","North America"
" CALIFORNIA ACADEMY OF SCIENCES"," SAN FRANCISCO"," U.S.","2020",2400000,"Museum","North America"
" CALIFORNIA ACADEMY OF SCIENCES"," SAN FRANCISCO"," U.S.","2021",6460000,"Museum","North America"
" CALIFORNIA ACADEMY OF SCIENCES"," SAN FRANCISCO"," U.S.","2022",9660000,"Museum","North America"
" NATIONAL MUSEUM OF CHINA"," BEIJING"," CHINA","2019",73900000,"Museum","Asia Pacific"
" NATIONAL MUSEUM OF CHINA"," BEIJING"," CHINA","2020",1.6e+07,"Museum","Asia Pacific"
" NATIONAL MUSEUM OF CHINA"," BEIJING"," CHINA","2021",23780000,"Museum","Asia Pacific"
" NATIONAL MUSEUM OF CHINA"," BEIJING"," CHINA","2022",16310000,"Museum","Asia Pacific"
" SHANGHAI SCIENCE & TECHNOLOGY MUSEUM"," SHANGHAI"," CHINA","2019",48240000,"Museum","Asia Pacific"
" SHANGHAI SCIENCE & TECHNOLOGY MUSEUM"," SHANGHAI"," CHINA","2020",13510000,"Museum","Asia Pacific"
" SHANGHAI SCIENCE & TECHNOLOGY MUSEUM"," SHANGHAI"," CHINA","2021",23680000,"Museum","Asia Pacific"
" SHANGHAI SCIENCE & TECHNOLOGY MUSEUM"," SHANGHAI"," CHINA","2022",4940000,"Museum","Asia Pacific"
" NANJING MUSEUM"," NANJING"," CHINA","2019",41690000,"Museum","Asia Pacific"
" NANJING MUSEUM"," NANJING"," CHINA","2020",15150000,"Museum","Asia Pacific"
" NANJING MUSEUM"," NANJING"," CHINA","2021",20340000,"Museum","Asia Pacific"
" NANJING MUSEUM"," NANJING"," CHINA","2022",16100000,"Museum","Asia Pacific"
" ZHEJIANG MUSEUM"," HANGZHOU"," CHINA","2019",41500000,"Museum","Asia Pacific"
" ZHEJIANG MUSEUM"," HANGZHOU"," CHINA","2020",11080000,"Museum","Asia Pacific"
" ZHEJIANG MUSEUM"," HANGZHOU"," CHINA","2021",9290000,"Museum","Asia Pacific"
" ZHEJIANG MUSEUM"," HANGZHOU"," CHINA","2022",8740000,"Museum","Asia Pacific"
" CHINA SCIENCE TECHNOLOGY MUSEUM"," BEIJING"," CHINA","2019",38910000,"Museum","Asia Pacific"
" CHINA SCIENCE TECHNOLOGY MUSEUM"," BEIJING"," CHINA","2020",6900000,"Museum","Asia Pacific"
" CHINA SCIENCE TECHNOLOGY MUSEUM"," BEIJING"," CHINA","2021",23600000,"Museum","Asia Pacific"
" CHINA SCIENCE TECHNOLOGY MUSEUM"," BEIJING"," CHINA","2022",14310000,"Museum","Asia Pacific"
" NATIONAL PALACE MUSEUM"," TAIPEI"," TAIWAN","2019",38320000,"Museum","Asia Pacific"
" NATIONAL PALACE MUSEUM"," TAIPEI"," TAIWAN","2020",6430000,"Museum","Asia Pacific"
" NATIONAL PALACE MUSEUM"," TAIPEI"," TAIWAN","2021",4170000,"Museum","Asia Pacific"
" NATIONAL PALACE MUSEUM"," TAIPEI"," TAIWAN","2022",10400000,"Museum","Asia Pacific"
" XIAN MUSEUM"," XIAN"," CHINA","2019",34200000,"Museum","Asia Pacific"
" XIAN MUSEUM"," XIAN"," CHINA","2020",3480000,"Museum","Asia Pacific"
" XIAN MUSEUM"," XIAN"," CHINA","2021",3150000,"Museum","Asia Pacific"
" XIAN MUSEUM"," XIAN"," CHINA","2022",4010000,"Museum","Asia Pacific"
" NATIONAL MUSEUM OF KOREA"," SEOUL"," SOUTH KOREA","2019",33540000,"Museum","Asia Pacific"
" NATIONAL MUSEUM OF KOREA"," SEOUL"," SOUTH KOREA","2020",7740000,"Museum","Asia Pacific"
" NATIONAL MUSEUM OF KOREA"," SEOUL"," SOUTH KOREA","2021",12630000,"Museum","Asia Pacific"
" NATIONAL MUSEUM OF KOREA"," SEOUL"," SOUTH KOREA","2022",34110000,"Museum","Asia Pacific"
" TIANJIN NATURAL HISTORY MUSEUM"," TIANJIN"," CHINA","2019",31500000,"Museum","Asia Pacific"
" TIANJIN NATURAL HISTORY MUSEUM"," TIANJIN"," CHINA","2020",5500000,"Museum","Asia Pacific"
" TIANJIN NATURAL HISTORY MUSEUM"," TIANJIN"," CHINA","2021",1.6e+07,"Museum","Asia Pacific"
" TIANJIN NATURAL HISTORY MUSEUM"," TIANJIN"," CHINA","2022",13210000,"Museum","Asia Pacific"
" HUNAN MUSEUM"," CHANGSHA"," CHINA","2019",31400000,"Museum","Asia Pacific"
" HUNAN MUSEUM"," CHANGSHA"," CHINA","2020",11300000,"Museum","Asia Pacific"
" HUNAN MUSEUM"," CHANGSHA"," CHINA","2021",14210000,"Museum","Asia Pacific"
" HUNAN MUSEUM"," CHANGSHA"," CHINA","2022",12210000,"Museum","Asia Pacific"
" NATIONAL TAIWAN SCIENCE EDUCATION CENTER"," TAIPEI"," TAIWAN","2019",3e+07,"Museum","Asia Pacific"
" NATIONAL TAIWAN SCIENCE EDUCATION CENTER"," TAIPEI"," TAIWAN","2020",10820000,"Museum","Asia Pacific"
" NATIONAL TAIWAN SCIENCE EDUCATION CENTER"," TAIPEI"," TAIWAN","2021",11580000,"Museum","Asia Pacific"
" NATIONAL TAIWAN SCIENCE EDUCATION CENTER"," TAIPEI"," TAIWAN","2022",18790000,"Museum","Asia Pacific"
" SHANXI HISTORY MUSEUM"," XIAN"," CHINA","2019",2.9e+07,"Museum","Asia Pacific"
" SHANXI HISTORY MUSEUM"," XIAN"," CHINA","2020",1e+07,"Museum","Asia Pacific"
" SHANXI HISTORY MUSEUM"," XIAN"," CHINA","2021",15100000,"Museum","Asia Pacific"
" SHANXI HISTORY MUSEUM"," XIAN"," CHINA","2022",6900000,"Museum","Asia Pacific"
" TOKYO METROPOLITAN ART MUSEUM"," TOKYO"," JAPAN","2019",28740000,"Museum","Asia Pacific"
" TOKYO METROPOLITAN ART MUSEUM"," TOKYO"," JAPAN","2020",5100000,"Museum","Asia Pacific"
" TOKYO METROPOLITAN ART MUSEUM"," TOKYO"," JAPAN","2021",10490000,"Museum","Asia Pacific"
" TOKYO METROPOLITAN ART MUSEUM"," TOKYO"," JAPAN","2022",15100000,"Museum","Asia Pacific"
" NATIONAL MUSEUM OF NATURAL SCIENCE"," TAICHUNG"," TAIWAN","2019",26500000,"Museum","Asia Pacific"
" NATIONAL MUSEUM OF NATURAL SCIENCE"," TAICHUNG"," TAIWAN","2020",22630000,"Museum","Asia Pacific"
" NATIONAL MUSEUM OF NATURAL SCIENCE"," TAICHUNG"," TAIWAN","2021",15660000,"Museum","Asia Pacific"
" NATIONAL MUSEUM OF NATURAL SCIENCE"," TAICHUNG"," TAIWAN","2022",2.3e+07,"Museum","Asia Pacific"
" SHANGHAI NATURAL HISTORY MUSEUM"," SHANGHAI"," CHINA","2019",25490000,"Museum","Asia Pacific"
" SHANGHAI NATURAL HISTORY MUSEUM"," SHANGHAI"," CHINA","2020",10400000,"Museum","Asia Pacific"
" SHANGHAI NATURAL HISTORY MUSEUM"," SHANGHAI"," CHINA","2021",21660000,"Museum","Asia Pacific"
" SHANGHAI NATURAL HISTORY MUSEUM"," SHANGHAI"," CHINA","2022",5320000,"Museum","Asia Pacific"
" NATIONAL MUSEUM OF NATURE AND SCIENCE"," TOKYO"," JAPAN","2019",24600000,"Museum","Asia Pacific"
" NATIONAL MUSEUM OF NATURE AND SCIENCE"," TOKYO"," JAPAN","2020",5800000,"Museum","Asia Pacific"
" NATIONAL MUSEUM OF NATURE AND SCIENCE"," TOKYO"," JAPAN","2021",8e+06,"Museum","Asia Pacific"
" NATIONAL MUSEUM OF NATURE AND SCIENCE"," TOKYO"," JAPAN","2022",13500000,"Museum","Asia Pacific"
" ZHEJIANG MUSEUM OF NATURAL HISTORY"," HANGZHOU"," CHINA","2019",24430000,"Museum","Asia Pacific"
" ZHEJIANG MUSEUM OF NATURAL HISTORY"," HANGZHOU"," CHINA","2020",6e+06,"Museum","Asia Pacific"
" ZHEJIANG MUSEUM OF NATURAL HISTORY"," HANGZHOU"," CHINA","2021",7400000,"Museum","Asia Pacific"
" ZHEJIANG MUSEUM OF NATURAL HISTORY"," HANGZHOU"," CHINA","2022",7380000,"Museum","Asia Pacific"
" NATIONAL GALLERY OF VICTORIA"," MELBOURNE"," AUSTRALIA","2019",24330000,"Museum","Asia Pacific"
" NATIONAL GALLERY OF VICTORIA"," MELBOURNE"," AUSTRALIA","2020",6370000,"Museum","Asia Pacific"
" NATIONAL GALLERY OF VICTORIA"," MELBOURNE"," AUSTRALIA","2021",8020000,"Museum","Asia Pacific"
" NATIONAL GALLERY OF VICTORIA"," MELBOURNE"," AUSTRALIA","2022",15800000,"Museum","Asia Pacific"
" TOKYO NATIONAL MUSEUM"," TOKYO"," JAPAN","2019",24310000,"Museum","Asia Pacific"
" TOKYO NATIONAL MUSEUM"," TOKYO"," JAPAN","2020",7250000,"Museum","Asia Pacific"
" TOKYO NATIONAL MUSEUM"," TOKYO"," JAPAN","2021",6050000,"Museum","Asia Pacific"
" TOKYO NATIONAL MUSEUM"," TOKYO"," JAPAN","2022",13720000,"Museum","Asia Pacific"
" HUBEI PROVINCIAL MUSEUM"," WUHAN"," CHINA","2019",2.4e+07,"Museum","Asia Pacific"
" HUBEI PROVINCIAL MUSEUM"," WUHAN"," CHINA","2020",4460000,"Museum","Asia Pacific"
" HUBEI PROVINCIAL MUSEUM"," WUHAN"," CHINA","2021",7300000,"Museum","Asia Pacific"
" HUBEI PROVINCIAL MUSEUM"," WUHAN"," CHINA","2022",1e+07,"Museum","Asia Pacific"
" LOUVRE"," PARIS"," FRANCE","2019",9.6e+07,"Museum","Europe Middle East Africa"
" LOUVRE"," PARIS"," FRANCE","2020",2.7e+07,"Museum","Europe Middle East Africa"
" LOUVRE"," PARIS"," FRANCE","2021",28250000,"Museum","Europe Middle East Africa"
" LOUVRE"," PARIS"," FRANCE","2022",77260000,"Museum","Europe Middle East Africa"
" VATICAN MUSEUMS"," VATICAN"," VATICAN CITY","2019",68830000,"Museum","Europe Middle East Africa"
" VATICAN MUSEUMS"," VATICAN"," VATICAN CITY","2020",1.3e+07,"Museum","Europe Middle East Africa"
" VATICAN MUSEUMS"," VATICAN"," VATICAN CITY","2021",16130000,"Museum","Europe Middle East Africa"
" VATICAN MUSEUMS"," VATICAN"," VATICAN CITY","2022",50810000,"Museum","Europe Middle East Africa"
" BRITISH MUSEUM"," LONDON"," U.K.","2019",62080000,"Museum","Europe Middle East Africa"
" BRITISH MUSEUM"," LONDON"," U.K.","2020",12750000,"Museum","Europe Middle East Africa"
" BRITISH MUSEUM"," LONDON"," U.K.","2021",13270000,"Museum","Europe Middle East Africa"
" BRITISH MUSEUM"," LONDON"," U.K.","2022",40970000,"Museum","Europe Middle East Africa"
" TATE MODERN"," LONDON"," U.K.","2019",60980000,"Museum","Europe Middle East Africa"
" TATE MODERN"," LONDON"," U.K.","2020",14330000,"Museum","Europe Middle East Africa"
" TATE MODERN"," LONDON"," U.K.","2021",11560000,"Museum","Europe Middle East Africa"
" TATE MODERN"," LONDON"," U.K.","2022",38830000,"Museum","Europe Middle East Africa"
" NATIONAL GALLERY"," LONDON"," U.K.","2019",60110000,"Museum","Europe Middle East Africa"
" NATIONAL GALLERY"," LONDON"," U.K.","2020",11970000,"Museum","Europe Middle East Africa"
" NATIONAL GALLERY"," LONDON"," U.K.","2021",7090000,"Museum","Europe Middle East Africa"
" NATIONAL GALLERY"," LONDON"," U.K.","2022",27270000,"Museum","Europe Middle East Africa"
" NATURAL HISTORY MUSEUM"," LONDON"," U.K.","2019",54240000,"Museum","Europe Middle East Africa"
" NATURAL HISTORY MUSEUM"," LONDON"," U.K.","2020",11970000,"Museum","Europe Middle East Africa"
" NATURAL HISTORY MUSEUM"," LONDON"," U.K.","2021",15640000,"Museum","Europe Middle East Africa"
" NATURAL HISTORY MUSEUM"," LONDON"," U.K.","2022",46550000,"Museum","Europe Middle East Africa"
" STATE HERMITAGE"," ST PETERSBURG"," RUSSIA","2019",49570000,"Museum","Europe Middle East Africa"
" STATE HERMITAGE"," ST PETERSBURG"," RUSSIA","2020",9690000,"Museum","Europe Middle East Africa"
" STATE HERMITAGE"," ST PETERSBURG"," RUSSIA","2021",16490000,"Museum","Europe Middle East Africa"
" STATE HERMITAGE"," ST PETERSBURG"," RUSSIA","2022",28130000,"Museum","Europe Middle East Africa"
" REINA SOFÍA"," MADRID"," SPAIN","2019",44260000,"Museum","Europe Middle East Africa"
" REINA SOFÍA"," MADRID"," SPAIN","2020",12480000,"Museum","Europe Middle East Africa"
" REINA SOFÍA"," MADRID"," SPAIN","2021",16430000,"Museum","Europe Middle East Africa"
" REINA SOFÍA"," MADRID"," SPAIN","2022",30630000,"Museum","Europe Middle East Africa"
" VICTORIA & ALBERT MUSEUM"," LONDON"," U.K.","2019",39210000,"Museum","Europe Middle East Africa"
" VICTORIA & ALBERT MUSEUM"," LONDON"," U.K.","2020",8720000,"Museum","Europe Middle East Africa"
" VICTORIA & ALBERT MUSEUM"," LONDON"," U.K.","2021",8580000,"Museum","Europe Middle East Africa"
" VICTORIA & ALBERT MUSEUM"," LONDON"," U.K.","2022",23700000,"Museum","Europe Middle East Africa"
" MUSÉE D'ORSAY"," PARIS"," FRANCE","2019",36520000,"Museum","Europe Middle East Africa"
" MUSÉE D'ORSAY"," PARIS"," FRANCE","2020",8670000,"Museum","Europe Middle East Africa"
" MUSÉE D'ORSAY"," PARIS"," FRANCE","2021",10440000,"Museum","Europe Middle East Africa"
" MUSÉE D'ORSAY"," PARIS"," FRANCE","2022",32700000,"Museum","Europe Middle East Africa"
" CENTRE POMPIDOU"," PARIS"," FRANCE","2019",32700000,"Museum","Europe Middle East Africa"
" CENTRE POMPIDOU"," PARIS"," FRANCE","2020",9130000,"Museum","Europe Middle East Africa"
" CENTRE POMPIDOU"," PARIS"," FRANCE","2021",15010000,"Museum","Europe Middle East Africa"
" CENTRE POMPIDOU"," PARIS"," FRANCE","2022",30100000,"Museum","Europe Middle East Africa"
" SCIENCE MUSEUM (SOUTH KENSINGTON)"," LONDON"," U.K.","2019",32540000,"Museum","Europe Middle East Africa"
" SCIENCE MUSEUM (SOUTH KENSINGTON)"," LONDON"," U.K.","2020",8620000,"Museum","Europe Middle East Africa"
" SCIENCE MUSEUM (SOUTH KENSINGTON)"," LONDON"," U.K.","2021",6460000,"Museum","Europe Middle East Africa"
" SCIENCE MUSEUM (SOUTH KENSINGTON)"," LONDON"," U.K.","2022",23350000,"Museum","Europe Middle East Africa"
" MUSEO NACIONAL DEL PRADO"," MADRID"," SPAIN","2019",32030000,"Museum","Europe Middle East Africa"
" MUSEO NACIONAL DEL PRADO"," MADRID"," SPAIN","2020",8520000,"Museum","Europe Middle East Africa"
" MUSEO NACIONAL DEL PRADO"," MADRID"," SPAIN","2021",11270000,"Museum","Europe Middle East Africa"
" MUSEO NACIONAL DEL PRADO"," MADRID"," SPAIN","2022",24570000,"Museum","Europe Middle East Africa"
" STATE TRETYAKOV GALLERY"," MOSCOW"," RUSSIA","2019",28360000,"Museum","Europe Middle East Africa"
" STATE TRETYAKOV GALLERY"," MOSCOW"," RUSSIA","2020",8940000,"Museum","Europe Middle East Africa"
" STATE TRETYAKOV GALLERY"," MOSCOW"," RUSSIA","2021",15810000,"Museum","Europe Middle East Africa"
" STATE TRETYAKOV GALLERY"," MOSCOW"," RUSSIA","2022",19100000,"Museum","Europe Middle East Africa"
" RIJKSMUSEUM"," AMSTERDAM"," NETHERLANDS","2019",2.7e+07,"Museum","Europe Middle East Africa"
" RIJKSMUSEUM"," AMSTERDAM"," NETHERLANDS","2020",6750000,"Museum","Europe Middle East Africa"
" RIJKSMUSEUM"," AMSTERDAM"," NETHERLANDS","2021",6250000,"Museum","Europe Middle East Africa"
" RIJKSMUSEUM"," AMSTERDAM"," NETHERLANDS","2022",17660000,"Museum","Europe Middle East Africa"
" CITE DES SCIENCES ET DE L'INDUSTRIE"," PARIS"," FRANCE","2019",23700000,"Museum","Europe Middle East Africa"
" CITE DES SCIENCES ET DE L'INDUSTRIE"," PARIS"," FRANCE","2020",7930000,"Museum","Europe Middle East Africa"
" CITE DES SCIENCES ET DE L'INDUSTRIE"," PARIS"," FRANCE","2021",9840000,"Museum","Europe Middle East Africa"
" CITE DES SCIENCES ET DE L'INDUSTRIE"," PARIS"," FRANCE","2022",21010000,"Museum","Europe Middle East Africa"
" GALLERIA DEGLI UFFIZI"," FLORENCE"," ITALY","2019",23620000,"Museum","Europe Middle East Africa"
" GALLERIA DEGLI UFFIZI"," FLORENCE"," ITALY","2020",6590000,"Museum","Europe Middle East Africa"
" GALLERIA DEGLI UFFIZI"," FLORENCE"," ITALY","2021",9700000,"Museum","Europe Middle East Africa"
" GALLERIA DEGLI UFFIZI"," FLORENCE"," ITALY","2022",22230000,"Museum","Europe Middle East Africa"
" AUSCHWITZ-BIRKENAU MUSEUM"," OŚWIĘCIM"," POLAND","2019",2.3e+07,"Museum","Europe Middle East Africa"
" AUSCHWITZ-BIRKENAU MUSEUM"," OŚWIĘCIM"," POLAND","2020",5020000,"Museum","Europe Middle East Africa"
" AUSCHWITZ-BIRKENAU MUSEUM"," OŚWIĘCIM"," POLAND","2021",5630000,"Museum","Europe Middle East Africa"
" AUSCHWITZ-BIRKENAU MUSEUM"," OŚWIĘCIM"," POLAND","2022",11840000,"Museum","Europe Middle East Africa"
" NATIONAL MUSEUM OF SCOTLAND"," EDINBURGH"," U.K.","2019",22100000,"Museum","Europe Middle East Africa"
" NATIONAL MUSEUM OF SCOTLAND"," EDINBURGH"," U.K.","2020",4440000,"Museum","Europe Middle East Africa"
" NATIONAL MUSEUM OF SCOTLAND"," EDINBURGH"," U.K.","2021",6610000,"Museum","Europe Middle East Africa"
" NATIONAL MUSEUM OF SCOTLAND"," EDINBURGH"," U.K.","2022",19740000,"Museum","Europe Middle East Africa"
" VAN GOGH MUSEUM"," AMSTERDAM"," NETHERLANDS","2019",2.1e+07,"Museum","Europe Middle East Africa"
" VAN GOGH MUSEUM"," AMSTERDAM"," NETHERLANDS","2020",5170000,"Museum","Europe Middle East Africa"
" VAN GOGH MUSEUM"," AMSTERDAM"," NETHERLANDS","2021",3660000,"Museum","Europe Middle East Africa"
" VAN GOGH MUSEUM"," AMSTERDAM"," NETHERLANDS","2022",13460000,"Museum","Europe Middle East Africa"
